[2022-05-21 19:56:41] local.ERROR: SQLSTATE[HY000] [1045] Access denied for user 'root'@'localhost' (using password: NO) (SQL: select * from `general_settings` order by `created_at` desc limit 1) {"exception":"[object] (Illuminate\\Database\\QueryException(code: 1045): SQLSTATE[HY000] [1045] Access denied for user 'root'@'localhost' (using password: NO) (SQL: select * from `general_settings` order by `created_at` desc limit 1) at /home2/mslearn/public_html/vendor/laravel/framework/src/Illuminate/Database/Connection.php:669)
[stacktrace]
#0 /home2/mslearn/public_html/vendor/laravel/framework/src/Illuminate/Database/Connection.php(629): Illuminate\\Database\\Connection->runQueryCallback('select * from `...', Array, Object(Closure))
#1 /home2/mslearn/public_html/vendor/laravel/framework/src/Illuminate/Database/Connection.php(338): Illuminate\\Database\\Connection->run('select * from `...', Array, Object(Closure))
#2 /home2/mslearn/public_html/vendor/laravel/framework/src/Illuminate/Database/Query/Builder.php(2149): Illuminate\\Database\\Connection->select('select * from `...', Array, true)
#3 /home2/mslearn/public_html/vendor/laravel/framework/src/Illuminate/Database/Query/Builder.php(2137): Illuminate\\Database\\Query\\Builder->runSelect()
#4 /home2/mslearn/public_html/vendor/laravel/framework/src/Illuminate/Database/Query/Builder.php(2609): Illuminate\\Database\\Query\\Builder->Illuminate\\Database\\Query\\{closure}()
#5 /home2/mslearn/public_html/vendor/laravel/framework/src/Illuminate/Database/Query/Builder.php(2138): Illuminate\\Database\\Query\\Builder->onceWithColumns(Array, Object(Closure))
#6 /home2/mslearn/public_html/vendor/laravel/framework/src/Illuminate/Database/Concerns/BuildsQueries.php(143): Illuminate\\Database\\Query\\Builder->get(Array)
#7 /home2/mslearn/public_html/app/Providers/AppServiceProvider.php(41): Illuminate\\Database\\Query\\Builder->first()
#8 /home2/mslearn/public_html/vendor/laravel/framework/src/Illuminate/Container/BoundMethod.php(36): App\\Providers\\AppServiceProvider->boot()
#9 /home2/mslearn/public_html/vendor/laravel/framework/src/Illuminate/Container/Util.php(37): Illuminate\\Container\\BoundMethod::Illuminate\\Container\\{closure}()
#10 /home2/mslearn/public_html/vendor/laravel/framework/src/Illuminate/Container/BoundMethod.php(93): Illuminate\\Container\\Util::unwrapIfClosure(Object(Closure))
#11 /home2/mslearn/public_html/vendor/laravel/framework/src/Illuminate/Container/BoundMethod.php(37): Illuminate\\Container\\BoundMethod::callBoundMethod(Object(Illuminate\\Foundation\\Application), Array, Object(Closure))
#12 /home2/mslearn/public_html/vendor/laravel/framework/src/Illuminate/Container/Container.php(590): Illuminate\\Container\\BoundMethod::call(Object(Illuminate\\Foundation\\Application), Array, Array, NULL)
#13 /home2/mslearn/public_html/vendor/laravel/framework/src/Illuminate/Foundation/Application.php(856): Illuminate\\Container\\Container->call(Array)
#14 /home2/mslearn/public_html/vendor/laravel/framework/src/Illuminate/Foundation/Application.php(839): Illuminate\\Foundation\\Application->bootProvider(Object(App\\Providers\\AppServiceProvider))
#15 [internal function]: Illuminate\\Foundation\\Application->Illuminate\\Foundation\\{closure}(Object(App\\Providers\\AppServiceProvider), 24)
#16 /home2/mslearn/public_html/vendor/laravel/framework/src/Illuminate/Foundation/Application.php(840): array_walk(Array, Object(Closure))
#17 /home2/mslearn/public_html/vendor/laravel/framework/src/Illuminate/Foundation/Bootstrap/BootProviders.php(17): Illuminate\\Foundation\\Application->boot()
#18 /home2/mslearn/public_html/vendor/laravel/framework/src/Illuminate/Foundation/Application.php(219): Illuminate\\Foundation\\Bootstrap\\BootProviders->bootstrap(Object(Illuminate\\Foundation\\Application))
#19 /home2/mslearn/public_html/vendor/laravel/framework/src/Illuminate/Foundation/Http/Kernel.php(156): Illuminate\\Foundation\\Application->bootstrapWith(Array)
#20 /home2/mslearn/public_html/vendor/laravel/framework/src/Illuminate/Foundation/Http/Kernel.php(140): Illuminate\\Foundation\\Http\\Kernel->bootstrap()
#21 /home2/mslearn/public_html/vendor/laravel/framework/src/Illuminate/Foundation/Http/Kernel.php(110): Illuminate\\Foundation\\Http\\Kernel->sendRequestThroughRouter(Object(Illuminate\\Http\\Request))
#22 /home2/mslearn/public_html/index.php(55): Illuminate\\Foundation\\Http\\Kernel->handle(Object(Illuminate\\Http\\Request))
#23 {main}

[previous exception] [object] (Doctrine\\DBAL\\Driver\\PDO\\Exception(code: 1045): SQLSTATE[HY000] [1045] Access denied for user 'root'@'localhost' (using password: NO) at /home2/mslearn/public_html/vendor/doctrine/dbal/lib/Doctrine/DBAL/Driver/PDO/Exception.php:18)
[stacktrace]
#0 /home2/mslearn/public_html/vendor/doctrine/dbal/lib/Doctrine/DBAL/Driver/PDOConnection.php(42): Doctrine\\DBAL\\Driver\\PDO\\Exception::new(Object(PDOException))
#1 /home2/mslearn/public_html/vendor/laravel/framework/src/Illuminate/Database/Connectors/Connector.php(67): Doctrine\\DBAL\\Driver\\PDOConnection->__construct('mysql:host=127....', 'root', '', Array)
#2 /home2/mslearn/public_html/vendor/laravel/framework/src/Illuminate/Database/Connectors/Connector.php(46): Illuminate\\Database\\Connectors\\Connector->createPdoConnection('mysql:host=127....', 'root', '', Array)
#3 /home2/mslearn/public_html/vendor/laravel/framework/src/Illuminate/Database/Connectors/MySqlConnector.php(24): Illuminate\\Database\\Connectors\\Connector->createConnection('mysql:host=127....', Array, Array)
#4 /home2/mslearn/public_html/vendor/laravel/framework/src/Illuminate/Database/Connectors/ConnectionFactory.php(182): Illuminate\\Database\\Connectors\\MySqlConnector->connect(Array)
#5 [internal function]: Illuminate\\Database\\Connectors\\ConnectionFactory->Illuminate\\Database\\Connectors\\{closure}()
#6 /home2/mslearn/public_html/vendor/laravel/framework/src/Illuminate/Database/Connection.php(924): call_user_func(Object(Closure))
#7 /home2/mslearn/public_html/vendor/laravel/framework/src/Illuminate/Database/Connection.php(959): Illuminate\\Database\\Connection->getPdo()
#8 /home2/mslearn/public_html/vendor/laravel/framework/src/Illuminate/Database/Connection.php(404): Illuminate\\Database\\Connection->getReadPdo()
#9 /home2/mslearn/public_html/vendor/laravel/framework/src/Illuminate/Database/Connection.php(330): Illuminate\\Database\\Connection->getPdoForSelect(true)
#10 /home2/mslearn/public_html/vendor/laravel/framework/src/Illuminate/Database/Connection.php(662): Illuminate\\Database\\Connection->Illuminate\\Database\\{closure}('select * from `...', Array)
#11 /home2/mslearn/public_html/vendor/laravel/framework/src/Illuminate/Database/Connection.php(629): Illuminate\\Database\\Connection->runQueryCallback('select * from `...', Array, Object(Closure))
#12 /home2/mslearn/public_html/vendor/laravel/framework/src/Illuminate/Database/Connection.php(338): Illuminate\\Database\\Connection->run('select * from `...', Array, Object(Closure))
#13 /home2/mslearn/public_html/vendor/laravel/framework/src/Illuminate/Database/Query/Builder.php(2149): Illuminate\\Database\\Connection->select('select * from `...', Array, true)
#14 /home2/mslearn/public_html/vendor/laravel/framework/src/Illuminate/Database/Query/Builder.php(2137): Illuminate\\Database\\Query\\Builder->runSelect()
#15 /home2/mslearn/public_html/vendor/laravel/framework/src/Illuminate/Database/Query/Builder.php(2609): Illuminate\\Database\\Query\\Builder->Illuminate\\Database\\Query\\{closure}()
#16 /home2/mslearn/public_html/vendor/laravel/framework/src/Illuminate/Database/Query/Builder.php(2138): Illuminate\\Database\\Query\\Builder->onceWithColumns(Array, Object(Closure))
#17 /home2/mslearn/public_html/vendor/laravel/framework/src/Illuminate/Database/Concerns/BuildsQueries.php(143): Illuminate\\Database\\Query\\Builder->get(Array)
#18 /home2/mslearn/public_html/app/Providers/AppServiceProvider.php(41): Illuminate\\Database\\Query\\Builder->first()
#19 /home2/mslearn/public_html/vendor/laravel/framework/src/Illuminate/Container/BoundMethod.php(36): App\\Providers\\AppServiceProvider->boot()
#20 /home2/mslearn/public_html/vendor/laravel/framework/src/Illuminate/Container/Util.php(37): Illuminate\\Container\\BoundMethod::Illuminate\\Container\\{closure}()
#21 /home2/mslearn/public_html/vendor/laravel/framework/src/Illuminate/Container/BoundMethod.php(93): Illuminate\\Container\\Util::unwrapIfClosure(Object(Closure))
#22 /home2/mslearn/public_html/vendor/laravel/framework/src/Illuminate/Container/BoundMethod.php(37): Illuminate\\Container\\BoundMethod::callBoundMethod(Object(Illuminate\\Foundation\\Application), Array, Object(Closure))
#23 /home2/mslearn/public_html/vendor/laravel/framework/src/Illuminate/Container/Container.php(590): Illuminate\\Container\\BoundMethod::call(Object(Illuminate\\Foundation\\Application), Array, Array, NULL)
#24 /home2/mslearn/public_html/vendor/laravel/framework/src/Illuminate/Foundation/Application.php(856): Illuminate\\Container\\Container->call(Array)
#25 /home2/mslearn/public_html/vendor/laravel/framework/src/Illuminate/Foundation/Application.php(839): Illuminate\\Foundation\\Application->bootProvider(Object(App\\Providers\\AppServiceProvider))
#26 [internal function]: Illuminate\\Foundation\\Application->Illuminate\\Foundation\\{closure}(Object(App\\Providers\\AppServiceProvider), 24)
#27 /home2/mslearn/public_html/vendor/laravel/framework/src/Illuminate/Foundation/Application.php(840): array_walk(Array, Object(Closure))
#28 /home2/mslearn/public_html/vendor/laravel/framework/src/Illuminate/Foundation/Bootstrap/BootProviders.php(17): Illuminate\\Foundation\\Application->boot()
#29 /home2/mslearn/public_html/vendor/laravel/framework/src/Illuminate/Foundation/Application.php(219): Illuminate\\Foundation\\Bootstrap\\BootProviders->bootstrap(Object(Illuminate\\Foundation\\Application))
#30 /home2/mslearn/public_html/vendor/laravel/framework/src/Illuminate/Foundation/Http/Kernel.php(156): Illuminate\\Foundation\\Application->bootstrapWith(Array)
#31 /home2/mslearn/public_html/vendor/laravel/framework/src/Illuminate/Foundation/Http/Kernel.php(140): Illuminate\\Foundation\\Http\\Kernel->bootstrap()
#32 /home2/mslearn/public_html/vendor/laravel/framework/src/Illuminate/Foundation/Http/Kernel.php(110): Illuminate\\Foundation\\Http\\Kernel->sendRequestThroughRouter(Object(Illuminate\\Http\\Request))
#33 /home2/mslearn/public_html/index.php(55): Illuminate\\Foundation\\Http\\Kernel->handle(Object(Illuminate\\Http\\Request))
#34 {main}

[previous exception] [object] (PDOException(code: 1045): SQLSTATE[HY000] [1045] Access denied for user 'root'@'localhost' (using password: NO) at /home2/mslearn/public_html/vendor/doctrine/dbal/lib/Doctrine/DBAL/Driver/PDOConnection.php:38)
[stacktrace]
#0 /home2/mslearn/public_html/vendor/doctrine/dbal/lib/Doctrine/DBAL/Driver/PDOConnection.php(38): PDO->__construct('mysql:host=127....', 'root', '', Array)
#1 /home2/mslearn/public_html/vendor/laravel/framework/src/Illuminate/Database/Connectors/Connector.php(67): Doctrine\\DBAL\\Driver\\PDOConnection->__construct('mysql:host=127....', 'root', '', Array)
#2 /home2/mslearn/public_html/vendor/laravel/framework/src/Illuminate/Database/Connectors/Connector.php(46): Illuminate\\Database\\Connectors\\Connector->createPdoConnection('mysql:host=127....', 'root', '', Array)
#3 /home2/mslearn/public_html/vendor/laravel/framework/src/Illuminate/Database/Connectors/MySqlConnector.php(24): Illuminate\\Database\\Connectors\\Connector->createConnection('mysql:host=127....', Array, Array)
#4 /home2/mslearn/public_html/vendor/laravel/framework/src/Illuminate/Database/Connectors/ConnectionFactory.php(182): Illuminate\\Database\\Connectors\\MySqlConnector->connect(Array)
#5 [internal function]: Illuminate\\Database\\Connectors\\ConnectionFactory->Illuminate\\Database\\Connectors\\{closure}()
#6 /home2/mslearn/public_html/vendor/laravel/framework/src/Illuminate/Database/Connection.php(924): call_user_func(Object(Closure))
#7 /home2/mslearn/public_html/vendor/laravel/framework/src/Illuminate/Database/Connection.php(959): Illuminate\\Database\\Connection->getPdo()
#8 /home2/mslearn/public_html/vendor/laravel/framework/src/Illuminate/Database/Connection.php(404): Illuminate\\Database\\Connection->getReadPdo()
#9 /home2/mslearn/public_html/vendor/laravel/framework/src/Illuminate/Database/Connection.php(330): Illuminate\\Database\\Connection->getPdoForSelect(true)
#10 /home2/mslearn/public_html/vendor/laravel/framework/src/Illuminate/Database/Connection.php(662): Illuminate\\Database\\Connection->Illuminate\\Database\\{closure}('select * from `...', Array)
#11 /home2/mslearn/public_html/vendor/laravel/framework/src/Illuminate/Database/Connection.php(629): Illuminate\\Database\\Connection->runQueryCallback('select * from `...', Array, Object(Closure))
#12 /home2/mslearn/public_html/vendor/laravel/framework/src/Illuminate/Database/Connection.php(338): Illuminate\\Database\\Connection->run('select * from `...', Array, Object(Closure))
#13 /home2/mslearn/public_html/vendor/laravel/framework/src/Illuminate/Database/Query/Builder.php(2149): Illuminate\\Database\\Connection->select('select * from `...', Array, true)
#14 /home2/mslearn/public_html/vendor/laravel/framework/src/Illuminate/Database/Query/Builder.php(2137): Illuminate\\Database\\Query\\Builder->runSelect()
#15 /home2/mslearn/public_html/vendor/laravel/framework/src/Illuminate/Database/Query/Builder.php(2609): Illuminate\\Database\\Query\\Builder->Illuminate\\Database\\Query\\{closure}()
#16 /home2/mslearn/public_html/vendor/laravel/framework/src/Illuminate/Database/Query/Builder.php(2138): Illuminate\\Database\\Query\\Builder->onceWithColumns(Array, Object(Closure))
#17 /home2/mslearn/public_html/vendor/laravel/framework/src/Illuminate/Database/Concerns/BuildsQueries.php(143): Illuminate\\Database\\Query\\Builder->get(Array)
#18 /home2/mslearn/public_html/app/Providers/AppServiceProvider.php(41): Illuminate\\Database\\Query\\Builder->first()
#19 /home2/mslearn/public_html/vendor/laravel/framework/src/Illuminate/Container/BoundMethod.php(36): App\\Providers\\AppServiceProvider->boot()
#20 /home2/mslearn/public_html/vendor/laravel/framework/src/Illuminate/Container/Util.php(37): Illuminate\\Container\\BoundMethod::Illuminate\\Container\\{closure}()
#21 /home2/mslearn/public_html/vendor/laravel/framework/src/Illuminate/Container/BoundMethod.php(93): Illuminate\\Container\\Util::unwrapIfClosure(Object(Closure))
#22 /home2/mslearn/public_html/vendor/laravel/framework/src/Illuminate/Container/BoundMethod.php(37): Illuminate\\Container\\BoundMethod::callBoundMethod(Object(Illuminate\\Foundation\\Application), Array, Object(Closure))
#23 /home2/mslearn/public_html/vendor/laravel/framework/src/Illuminate/Container/Container.php(590): Illuminate\\Container\\BoundMethod::call(Object(Illuminate\\Foundation\\Application), Array, Array, NULL)
#24 /home2/mslearn/public_html/vendor/laravel/framework/src/Illuminate/Foundation/Application.php(856): Illuminate\\Container\\Container->call(Array)
#25 /home2/mslearn/public_html/vendor/laravel/framework/src/Illuminate/Foundation/Application.php(839): Illuminate\\Foundation\\Application->bootProvider(Object(App\\Providers\\AppServiceProvider))
#26 [internal function]: Illuminate\\Foundation\\Application->Illuminate\\Foundation\\{closure}(Object(App\\Providers\\AppServiceProvider), 24)
#27 /home2/mslearn/public_html/vendor/laravel/framework/src/Illuminate/Foundation/Application.php(840): array_walk(Array, Object(Closure))
#28 /home2/mslearn/public_html/vendor/laravel/framework/src/Illuminate/Foundation/Bootstrap/BootProviders.php(17): Illuminate\\Foundation\\Application->boot()
#29 /home2/mslearn/public_html/vendor/laravel/framework/src/Illuminate/Foundation/Application.php(219): Illuminate\\Foundation\\Bootstrap\\BootProviders->bootstrap(Object(Illuminate\\Foundation\\Application))
#30 /home2/mslearn/public_html/vendor/laravel/framework/src/Illuminate/Foundation/Http/Kernel.php(156): Illuminate\\Foundation\\Application->bootstrapWith(Array)
#31 /home2/mslearn/public_html/vendor/laravel/framework/src/Illuminate/Foundation/Http/Kernel.php(140): Illuminate\\Foundation\\Http\\Kernel->bootstrap()
#32 /home2/mslearn/public_html/vendor/laravel/framework/src/Illuminate/Foundation/Http/Kernel.php(110): Illuminate\\Foundation\\Http\\Kernel->sendRequestThroughRouter(Object(Illuminate\\Http\\Request))
#33 /home2/mslearn/public_html/index.php(55): Illuminate\\Foundation\\Http\\Kernel->handle(Object(Illuminate\\Http\\Request))
#34 {main}
"} 
[2022-05-21 19:56:49] local.ERROR: SQLSTATE[HY000] [1045] Access denied for user 'root'@'localhost' (using password: NO) (SQL: select * from `general_settings` order by `created_at` desc limit 1) {"exception":"[object] (Illuminate\\Database\\QueryException(code: 1045): SQLSTATE[HY000] [1045] Access denied for user 'root'@'localhost' (using password: NO) (SQL: select * from `general_settings` order by `created_at` desc limit 1) at /home2/mslearn/public_html/vendor/laravel/framework/src/Illuminate/Database/Connection.php:669)
[stacktrace]
#0 /home2/mslearn/public_html/vendor/laravel/framework/src/Illuminate/Database/Connection.php(629): Illuminate\\Database\\Connection->runQueryCallback('select * from `...', Array, Object(Closure))
#1 /home2/mslearn/public_html/vendor/laravel/framework/src/Illuminate/Database/Connection.php(338): Illuminate\\Database\\Connection->run('select * from `...', Array, Object(Closure))
#2 /home2/mslearn/public_html/vendor/laravel/framework/src/Illuminate/Database/Query/Builder.php(2149): Illuminate\\Database\\Connection->select('select * from `...', Array, true)
#3 /home2/mslearn/public_html/vendor/laravel/framework/src/Illuminate/Database/Query/Builder.php(2137): Illuminate\\Database\\Query\\Builder->runSelect()
#4 /home2/mslearn/public_html/vendor/laravel/framework/src/Illuminate/Database/Query/Builder.php(2609): Illuminate\\Database\\Query\\Builder->Illuminate\\Database\\Query\\{closure}()
#5 /home2/mslearn/public_html/vendor/laravel/framework/src/Illuminate/Database/Query/Builder.php(2138): Illuminate\\Database\\Query\\Builder->onceWithColumns(Array, Object(Closure))
#6 /home2/mslearn/public_html/vendor/laravel/framework/src/Illuminate/Database/Concerns/BuildsQueries.php(143): Illuminate\\Database\\Query\\Builder->get(Array)
#7 /home2/mslearn/public_html/app/Providers/AppServiceProvider.php(41): Illuminate\\Database\\Query\\Builder->first()
#8 /home2/mslearn/public_html/vendor/laravel/framework/src/Illuminate/Container/BoundMethod.php(36): App\\Providers\\AppServiceProvider->boot()
#9 /home2/mslearn/public_html/vendor/laravel/framework/src/Illuminate/Container/Util.php(37): Illuminate\\Container\\BoundMethod::Illuminate\\Container\\{closure}()
#10 /home2/mslearn/public_html/vendor/laravel/framework/src/Illuminate/Container/BoundMethod.php(93): Illuminate\\Container\\Util::unwrapIfClosure(Object(Closure))
#11 /home2/mslearn/public_html/vendor/laravel/framework/src/Illuminate/Container/BoundMethod.php(37): Illuminate\\Container\\BoundMethod::callBoundMethod(Object(Illuminate\\Foundation\\Application), Array, Object(Closure))
#12 /home2/mslearn/public_html/vendor/laravel/framework/src/Illuminate/Container/Container.php(590): Illuminate\\Container\\BoundMethod::call(Object(Illuminate\\Foundation\\Application), Array, Array, NULL)
#13 /home2/mslearn/public_html/vendor/laravel/framework/src/Illuminate/Foundation/Application.php(856): Illuminate\\Container\\Container->call(Array)
#14 /home2/mslearn/public_html/vendor/laravel/framework/src/Illuminate/Foundation/Application.php(839): Illuminate\\Foundation\\Application->bootProvider(Object(App\\Providers\\AppServiceProvider))
#15 [internal function]: Illuminate\\Foundation\\Application->Illuminate\\Foundation\\{closure}(Object(App\\Providers\\AppServiceProvider), 24)
#16 /home2/mslearn/public_html/vendor/laravel/framework/src/Illuminate/Foundation/Application.php(840): array_walk(Array, Object(Closure))
#17 /home2/mslearn/public_html/vendor/laravel/framework/src/Illuminate/Foundation/Bootstrap/BootProviders.php(17): Illuminate\\Foundation\\Application->boot()
#18 /home2/mslearn/public_html/vendor/laravel/framework/src/Illuminate/Foundation/Application.php(219): Illuminate\\Foundation\\Bootstrap\\BootProviders->bootstrap(Object(Illuminate\\Foundation\\Application))
#19 /home2/mslearn/public_html/vendor/laravel/framework/src/Illuminate/Foundation/Http/Kernel.php(156): Illuminate\\Foundation\\Application->bootstrapWith(Array)
#20 /home2/mslearn/public_html/vendor/laravel/framework/src/Illuminate/Foundation/Http/Kernel.php(140): Illuminate\\Foundation\\Http\\Kernel->bootstrap()
#21 /home2/mslearn/public_html/vendor/laravel/framework/src/Illuminate/Foundation/Http/Kernel.php(110): Illuminate\\Foundation\\Http\\Kernel->sendRequestThroughRouter(Object(Illuminate\\Http\\Request))
#22 /home2/mslearn/public_html/public/index.php(55): Illuminate\\Foundation\\Http\\Kernel->handle(Object(Illuminate\\Http\\Request))
#23 {main}

[previous exception] [object] (Doctrine\\DBAL\\Driver\\PDO\\Exception(code: 1045): SQLSTATE[HY000] [1045] Access denied for user 'root'@'localhost' (using password: NO) at /home2/mslearn/public_html/vendor/doctrine/dbal/lib/Doctrine/DBAL/Driver/PDO/Exception.php:18)
[stacktrace]
#0 /home2/mslearn/public_html/vendor/doctrine/dbal/lib/Doctrine/DBAL/Driver/PDOConnection.php(42): Doctrine\\DBAL\\Driver\\PDO\\Exception::new(Object(PDOException))
#1 /home2/mslearn/public_html/vendor/laravel/framework/src/Illuminate/Database/Connectors/Connector.php(67): Doctrine\\DBAL\\Driver\\PDOConnection->__construct('mysql:host=127....', 'root', '', Array)
#2 /home2/mslearn/public_html/vendor/laravel/framework/src/Illuminate/Database/Connectors/Connector.php(46): Illuminate\\Database\\Connectors\\Connector->createPdoConnection('mysql:host=127....', 'root', '', Array)
#3 /home2/mslearn/public_html/vendor/laravel/framework/src/Illuminate/Database/Connectors/MySqlConnector.php(24): Illuminate\\Database\\Connectors\\Connector->createConnection('mysql:host=127....', Array, Array)
#4 /home2/mslearn/public_html/vendor/laravel/framework/src/Illuminate/Database/Connectors/ConnectionFactory.php(182): Illuminate\\Database\\Connectors\\MySqlConnector->connect(Array)
#5 [internal function]: Illuminate\\Database\\Connectors\\ConnectionFactory->Illuminate\\Database\\Connectors\\{closure}()
#6 /home2/mslearn/public_html/vendor/laravel/framework/src/Illuminate/Database/Connection.php(924): call_user_func(Object(Closure))
#7 /home2/mslearn/public_html/vendor/laravel/framework/src/Illuminate/Database/Connection.php(959): Illuminate\\Database\\Connection->getPdo()
#8 /home2/mslearn/public_html/vendor/laravel/framework/src/Illuminate/Database/Connection.php(404): Illuminate\\Database\\Connection->getReadPdo()
#9 /home2/mslearn/public_html/vendor/laravel/framework/src/Illuminate/Database/Connection.php(330): Illuminate\\Database\\Connection->getPdoForSelect(true)
#10 /home2/mslearn/public_html/vendor/laravel/framework/src/Illuminate/Database/Connection.php(662): Illuminate\\Database\\Connection->Illuminate\\Database\\{closure}('select * from `...', Array)
#11 /home2/mslearn/public_html/vendor/laravel/framework/src/Illuminate/Database/Connection.php(629): Illuminate\\Database\\Connection->runQueryCallback('select * from `...', Array, Object(Closure))
#12 /home2/mslearn/public_html/vendor/laravel/framework/src/Illuminate/Database/Connection.php(338): Illuminate\\Database\\Connection->run('select * from `...', Array, Object(Closure))
#13 /home2/mslearn/public_html/vendor/laravel/framework/src/Illuminate/Database/Query/Builder.php(2149): Illuminate\\Database\\Connection->select('select * from `...', Array, true)
#14 /home2/mslearn/public_html/vendor/laravel/framework/src/Illuminate/Database/Query/Builder.php(2137): Illuminate\\Database\\Query\\Builder->runSelect()
#15 /home2/mslearn/public_html/vendor/laravel/framework/src/Illuminate/Database/Query/Builder.php(2609): Illuminate\\Database\\Query\\Builder->Illuminate\\Database\\Query\\{closure}()
#16 /home2/mslearn/public_html/vendor/laravel/framework/src/Illuminate/Database/Query/Builder.php(2138): Illuminate\\Database\\Query\\Builder->onceWithColumns(Array, Object(Closure))
#17 /home2/mslearn/public_html/vendor/laravel/framework/src/Illuminate/Database/Concerns/BuildsQueries.php(143): Illuminate\\Database\\Query\\Builder->get(Array)
#18 /home2/mslearn/public_html/app/Providers/AppServiceProvider.php(41): Illuminate\\Database\\Query\\Builder->first()
#19 /home2/mslearn/public_html/vendor/laravel/framework/src/Illuminate/Container/BoundMethod.php(36): App\\Providers\\AppServiceProvider->boot()
#20 /home2/mslearn/public_html/vendor/laravel/framework/src/Illuminate/Container/Util.php(37): Illuminate\\Container\\BoundMethod::Illuminate\\Container\\{closure}()
#21 /home2/mslearn/public_html/vendor/laravel/framework/src/Illuminate/Container/BoundMethod.php(93): Illuminate\\Container\\Util::unwrapIfClosure(Object(Closure))
#22 /home2/mslearn/public_html/vendor/laravel/framework/src/Illuminate/Container/BoundMethod.php(37): Illuminate\\Container\\BoundMethod::callBoundMethod(Object(Illuminate\\Foundation\\Application), Array, Object(Closure))
#23 /home2/mslearn/public_html/vendor/laravel/framework/src/Illuminate/Container/Container.php(590): Illuminate\\Container\\BoundMethod::call(Object(Illuminate\\Foundation\\Application), Array, Array, NULL)
#24 /home2/mslearn/public_html/vendor/laravel/framework/src/Illuminate/Foundation/Application.php(856): Illuminate\\Container\\Container->call(Array)
#25 /home2/mslearn/public_html/vendor/laravel/framework/src/Illuminate/Foundation/Application.php(839): Illuminate\\Foundation\\Application->bootProvider(Object(App\\Providers\\AppServiceProvider))
#26 [internal function]: Illuminate\\Foundation\\Application->Illuminate\\Foundation\\{closure}(Object(App\\Providers\\AppServiceProvider), 24)
#27 /home2/mslearn/public_html/vendor/laravel/framework/src/Illuminate/Foundation/Application.php(840): array_walk(Array, Object(Closure))
#28 /home2/mslearn/public_html/vendor/laravel/framework/src/Illuminate/Foundation/Bootstrap/BootProviders.php(17): Illuminate\\Foundation\\Application->boot()
#29 /home2/mslearn/public_html/vendor/laravel/framework/src/Illuminate/Foundation/Application.php(219): Illuminate\\Foundation\\Bootstrap\\BootProviders->bootstrap(Object(Illuminate\\Foundation\\Application))
#30 /home2/mslearn/public_html/vendor/laravel/framework/src/Illuminate/Foundation/Http/Kernel.php(156): Illuminate\\Foundation\\Application->bootstrapWith(Array)
#31 /home2/mslearn/public_html/vendor/laravel/framework/src/Illuminate/Foundation/Http/Kernel.php(140): Illuminate\\Foundation\\Http\\Kernel->bootstrap()
#32 /home2/mslearn/public_html/vendor/laravel/framework/src/Illuminate/Foundation/Http/Kernel.php(110): Illuminate\\Foundation\\Http\\Kernel->sendRequestThroughRouter(Object(Illuminate\\Http\\Request))
#33 /home2/mslearn/public_html/public/index.php(55): Illuminate\\Foundation\\Http\\Kernel->handle(Object(Illuminate\\Http\\Request))
#34 {main}

[previous exception] [object] (PDOException(code: 1045): SQLSTATE[HY000] [1045] Access denied for user 'root'@'localhost' (using password: NO) at /home2/mslearn/public_html/vendor/doctrine/dbal/lib/Doctrine/DBAL/Driver/PDOConnection.php:38)
[stacktrace]
#0 /home2/mslearn/public_html/vendor/doctrine/dbal/lib/Doctrine/DBAL/Driver/PDOConnection.php(38): PDO->__construct('mysql:host=127....', 'root', '', Array)
#1 /home2/mslearn/public_html/vendor/laravel/framework/src/Illuminate/Database/Connectors/Connector.php(67): Doctrine\\DBAL\\Driver\\PDOConnection->__construct('mysql:host=127....', 'root', '', Array)
#2 /home2/mslearn/public_html/vendor/laravel/framework/src/Illuminate/Database/Connectors/Connector.php(46): Illuminate\\Database\\Connectors\\Connector->createPdoConnection('mysql:host=127....', 'root', '', Array)
#3 /home2/mslearn/public_html/vendor/laravel/framework/src/Illuminate/Database/Connectors/MySqlConnector.php(24): Illuminate\\Database\\Connectors\\Connector->createConnection('mysql:host=127....', Array, Array)
#4 /home2/mslearn/public_html/vendor/laravel/framework/src/Illuminate/Database/Connectors/ConnectionFactory.php(182): Illuminate\\Database\\Connectors\\MySqlConnector->connect(Array)
#5 [internal function]: Illuminate\\Database\\Connectors\\ConnectionFactory->Illuminate\\Database\\Connectors\\{closure}()
#6 /home2/mslearn/public_html/vendor/laravel/framework/src/Illuminate/Database/Connection.php(924): call_user_func(Object(Closure))
#7 /home2/mslearn/public_html/vendor/laravel/framework/src/Illuminate/Database/Connection.php(959): Illuminate\\Database\\Connection->getPdo()
#8 /home2/mslearn/public_html/vendor/laravel/framework/src/Illuminate/Database/Connection.php(404): Illuminate\\Database\\Connection->getReadPdo()
#9 /home2/mslearn/public_html/vendor/laravel/framework/src/Illuminate/Database/Connection.php(330): Illuminate\\Database\\Connection->getPdoForSelect(true)
#10 /home2/mslearn/public_html/vendor/laravel/framework/src/Illuminate/Database/Connection.php(662): Illuminate\\Database\\Connection->Illuminate\\Database\\{closure}('select * from `...', Array)
#11 /home2/mslearn/public_html/vendor/laravel/framework/src/Illuminate/Database/Connection.php(629): Illuminate\\Database\\Connection->runQueryCallback('select * from `...', Array, Object(Closure))
#12 /home2/mslearn/public_html/vendor/laravel/framework/src/Illuminate/Database/Connection.php(338): Illuminate\\Database\\Connection->run('select * from `...', Array, Object(Closure))
#13 /home2/mslearn/public_html/vendor/laravel/framework/src/Illuminate/Database/Query/Builder.php(2149): Illuminate\\Database\\Connection->select('select * from `...', Array, true)
#14 /home2/mslearn/public_html/vendor/laravel/framework/src/Illuminate/Database/Query/Builder.php(2137): Illuminate\\Database\\Query\\Builder->runSelect()
#15 /home2/mslearn/public_html/vendor/laravel/framework/src/Illuminate/Database/Query/Builder.php(2609): Illuminate\\Database\\Query\\Builder->Illuminate\\Database\\Query\\{closure}()
#16 /home2/mslearn/public_html/vendor/laravel/framework/src/Illuminate/Database/Query/Builder.php(2138): Illuminate\\Database\\Query\\Builder->onceWithColumns(Array, Object(Closure))
#17 /home2/mslearn/public_html/vendor/laravel/framework/src/Illuminate/Database/Concerns/BuildsQueries.php(143): Illuminate\\Database\\Query\\Builder->get(Array)
#18 /home2/mslearn/public_html/app/Providers/AppServiceProvider.php(41): Illuminate\\Database\\Query\\Builder->first()
#19 /home2/mslearn/public_html/vendor/laravel/framework/src/Illuminate/Container/BoundMethod.php(36): App\\Providers\\AppServiceProvider->boot()
#20 /home2/mslearn/public_html/vendor/laravel/framework/src/Illuminate/Container/Util.php(37): Illuminate\\Container\\BoundMethod::Illuminate\\Container\\{closure}()
#21 /home2/mslearn/public_html/vendor/laravel/framework/src/Illuminate/Container/BoundMethod.php(93): Illuminate\\Container\\Util::unwrapIfClosure(Object(Closure))
#22 /home2/mslearn/public_html/vendor/laravel/framework/src/Illuminate/Container/BoundMethod.php(37): Illuminate\\Container\\BoundMethod::callBoundMethod(Object(Illuminate\\Foundation\\Application), Array, Object(Closure))
#23 /home2/mslearn/public_html/vendor/laravel/framework/src/Illuminate/Container/Container.php(590): Illuminate\\Container\\BoundMethod::call(Object(Illuminate\\Foundation\\Application), Array, Array, NULL)
#24 /home2/mslearn/public_html/vendor/laravel/framework/src/Illuminate/Foundation/Application.php(856): Illuminate\\Container\\Container->call(Array)
#25 /home2/mslearn/public_html/vendor/laravel/framework/src/Illuminate/Foundation/Application.php(839): Illuminate\\Foundation\\Application->bootProvider(Object(App\\Providers\\AppServiceProvider))
#26 [internal function]: Illuminate\\Foundation\\Application->Illuminate\\Foundation\\{closure}(Object(App\\Providers\\AppServiceProvider), 24)
#27 /home2/mslearn/public_html/vendor/laravel/framework/src/Illuminate/Foundation/Application.php(840): array_walk(Array, Object(Closure))
#28 /home2/mslearn/public_html/vendor/laravel/framework/src/Illuminate/Foundation/Bootstrap/BootProviders.php(17): Illuminate\\Foundation\\Application->boot()
#29 /home2/mslearn/public_html/vendor/laravel/framework/src/Illuminate/Foundation/Application.php(219): Illuminate\\Foundation\\Bootstrap\\BootProviders->bootstrap(Object(Illuminate\\Foundation\\Application))
#30 /home2/mslearn/public_html/vendor/laravel/framework/src/Illuminate/Foundation/Http/Kernel.php(156): Illuminate\\Foundation\\Application->bootstrapWith(Array)
#31 /home2/mslearn/public_html/vendor/laravel/framework/src/Illuminate/Foundation/Http/Kernel.php(140): Illuminate\\Foundation\\Http\\Kernel->bootstrap()
#32 /home2/mslearn/public_html/vendor/laravel/framework/src/Illuminate/Foundation/Http/Kernel.php(110): Illuminate\\Foundation\\Http\\Kernel->sendRequestThroughRouter(Object(Illuminate\\Http\\Request))
#33 /home2/mslearn/public_html/public/index.php(55): Illuminate\\Foundation\\Http\\Kernel->handle(Object(Illuminate\\Http\\Request))
#34 {main}
"} 
[2022-05-22 12:23:20] local.ERROR: Trying to get property 'code' of non-object {"exception":"[object] (ErrorException(code: 0): Trying to get property 'code' of non-object at /home2/mslearn/public_html/app/Providers/AppServiceProvider.php:45)
[stacktrace]
#0 /home2/mslearn/public_html/app/Providers/AppServiceProvider.php(45): Illuminate\\Foundation\\Bootstrap\\HandleExceptions->handleError(8, 'Trying to get p...', '/home2/mslearn/...', 45, Array)
#1 /home2/mslearn/public_html/vendor/laravel/framework/src/Illuminate/Container/BoundMethod.php(36): App\\Providers\\AppServiceProvider->boot()
#2 /home2/mslearn/public_html/vendor/laravel/framework/src/Illuminate/Container/Util.php(37): Illuminate\\Container\\BoundMethod::Illuminate\\Container\\{closure}()
#3 /home2/mslearn/public_html/vendor/laravel/framework/src/Illuminate/Container/BoundMethod.php(93): Illuminate\\Container\\Util::unwrapIfClosure(Object(Closure))
#4 /home2/mslearn/public_html/vendor/laravel/framework/src/Illuminate/Container/BoundMethod.php(37): Illuminate\\Container\\BoundMethod::callBoundMethod(Object(Illuminate\\Foundation\\Application), Array, Object(Closure))
#5 /home2/mslearn/public_html/vendor/laravel/framework/src/Illuminate/Container/Container.php(590): Illuminate\\Container\\BoundMethod::call(Object(Illuminate\\Foundation\\Application), Array, Array, NULL)
#6 /home2/mslearn/public_html/vendor/laravel/framework/src/Illuminate/Foundation/Application.php(856): Illuminate\\Container\\Container->call(Array)
#7 /home2/mslearn/public_html/vendor/laravel/framework/src/Illuminate/Foundation/Application.php(839): Illuminate\\Foundation\\Application->bootProvider(Object(App\\Providers\\AppServiceProvider))
#8 [internal function]: Illuminate\\Foundation\\Application->Illuminate\\Foundation\\{closure}(Object(App\\Providers\\AppServiceProvider), 24)
#9 /home2/mslearn/public_html/vendor/laravel/framework/src/Illuminate/Foundation/Application.php(840): array_walk(Array, Object(Closure))
#10 /home2/mslearn/public_html/vendor/laravel/framework/src/Illuminate/Foundation/Bootstrap/BootProviders.php(17): Illuminate\\Foundation\\Application->boot()
#11 /home2/mslearn/public_html/vendor/laravel/framework/src/Illuminate/Foundation/Application.php(219): Illuminate\\Foundation\\Bootstrap\\BootProviders->bootstrap(Object(Illuminate\\Foundation\\Application))
#12 /home2/mslearn/public_html/vendor/laravel/framework/src/Illuminate/Foundation/Http/Kernel.php(156): Illuminate\\Foundation\\Application->bootstrapWith(Array)
#13 /home2/mslearn/public_html/vendor/laravel/framework/src/Illuminate/Foundation/Http/Kernel.php(140): Illuminate\\Foundation\\Http\\Kernel->bootstrap()
#14 /home2/mslearn/public_html/vendor/laravel/framework/src/Illuminate/Foundation/Http/Kernel.php(110): Illuminate\\Foundation\\Http\\Kernel->sendRequestThroughRouter(Object(Illuminate\\Http\\Request))
#15 /home2/mslearn/public_html/index.php(55): Illuminate\\Foundation\\Http\\Kernel->handle(Object(Illuminate\\Http\\Request))
#16 {main}
"} 
[2022-05-22 12:23:27] local.ERROR: Trying to get property 'code' of non-object {"exception":"[object] (ErrorException(code: 0): Trying to get property 'code' of non-object at /home2/mslearn/public_html/app/Providers/AppServiceProvider.php:45)
[stacktrace]
#0 /home2/mslearn/public_html/app/Providers/AppServiceProvider.php(45): Illuminate\\Foundation\\Bootstrap\\HandleExceptions->handleError(8, 'Trying to get p...', '/home2/mslearn/...', 45, Array)
#1 /home2/mslearn/public_html/vendor/laravel/framework/src/Illuminate/Container/BoundMethod.php(36): App\\Providers\\AppServiceProvider->boot()
#2 /home2/mslearn/public_html/vendor/laravel/framework/src/Illuminate/Container/Util.php(37): Illuminate\\Container\\BoundMethod::Illuminate\\Container\\{closure}()
#3 /home2/mslearn/public_html/vendor/laravel/framework/src/Illuminate/Container/BoundMethod.php(93): Illuminate\\Container\\Util::unwrapIfClosure(Object(Closure))
#4 /home2/mslearn/public_html/vendor/laravel/framework/src/Illuminate/Container/BoundMethod.php(37): Illuminate\\Container\\BoundMethod::callBoundMethod(Object(Illuminate\\Foundation\\Application), Array, Object(Closure))
#5 /home2/mslearn/public_html/vendor/laravel/framework/src/Illuminate/Container/Container.php(590): Illuminate\\Container\\BoundMethod::call(Object(Illuminate\\Foundation\\Application), Array, Array, NULL)
#6 /home2/mslearn/public_html/vendor/laravel/framework/src/Illuminate/Foundation/Application.php(856): Illuminate\\Container\\Container->call(Array)
#7 /home2/mslearn/public_html/vendor/laravel/framework/src/Illuminate/Foundation/Application.php(839): Illuminate\\Foundation\\Application->bootProvider(Object(App\\Providers\\AppServiceProvider))
#8 [internal function]: Illuminate\\Foundation\\Application->Illuminate\\Foundation\\{closure}(Object(App\\Providers\\AppServiceProvider), 24)
#9 /home2/mslearn/public_html/vendor/laravel/framework/src/Illuminate/Foundation/Application.php(840): array_walk(Array, Object(Closure))
#10 /home2/mslearn/public_html/vendor/laravel/framework/src/Illuminate/Foundation/Bootstrap/BootProviders.php(17): Illuminate\\Foundation\\Application->boot()
#11 /home2/mslearn/public_html/vendor/laravel/framework/src/Illuminate/Foundation/Application.php(219): Illuminate\\Foundation\\Bootstrap\\BootProviders->bootstrap(Object(Illuminate\\Foundation\\Application))
#12 /home2/mslearn/public_html/vendor/laravel/framework/src/Illuminate/Foundation/Http/Kernel.php(156): Illuminate\\Foundation\\Application->bootstrapWith(Array)
#13 /home2/mslearn/public_html/vendor/laravel/framework/src/Illuminate/Foundation/Http/Kernel.php(140): Illuminate\\Foundation\\Http\\Kernel->bootstrap()
#14 /home2/mslearn/public_html/vendor/laravel/framework/src/Illuminate/Foundation/Http/Kernel.php(110): Illuminate\\Foundation\\Http\\Kernel->sendRequestThroughRouter(Object(Illuminate\\Http\\Request))
#15 /home2/mslearn/public_html/index.php(55): Illuminate\\Foundation\\Http\\Kernel->handle(Object(Illuminate\\Http\\Request))
#16 {main}
"} 
[2022-05-22 12:23:54] local.ERROR: Trying to get property 'code' of non-object {"exception":"[object] (ErrorException(code: 0): Trying to get property 'code' of non-object at /home2/mslearn/public_html/app/Providers/AppServiceProvider.php:45)
[stacktrace]
#0 /home2/mslearn/public_html/app/Providers/AppServiceProvider.php(45): Illuminate\\Foundation\\Bootstrap\\HandleExceptions->handleError(8, 'Trying to get p...', '/home2/mslearn/...', 45, Array)
#1 /home2/mslearn/public_html/vendor/laravel/framework/src/Illuminate/Container/BoundMethod.php(36): App\\Providers\\AppServiceProvider->boot()
#2 /home2/mslearn/public_html/vendor/laravel/framework/src/Illuminate/Container/Util.php(37): Illuminate\\Container\\BoundMethod::Illuminate\\Container\\{closure}()
#3 /home2/mslearn/public_html/vendor/laravel/framework/src/Illuminate/Container/BoundMethod.php(93): Illuminate\\Container\\Util::unwrapIfClosure(Object(Closure))
#4 /home2/mslearn/public_html/vendor/laravel/framework/src/Illuminate/Container/BoundMethod.php(37): Illuminate\\Container\\BoundMethod::callBoundMethod(Object(Illuminate\\Foundation\\Application), Array, Object(Closure))
#5 /home2/mslearn/public_html/vendor/laravel/framework/src/Illuminate/Container/Container.php(590): Illuminate\\Container\\BoundMethod::call(Object(Illuminate\\Foundation\\Application), Array, Array, NULL)
#6 /home2/mslearn/public_html/vendor/laravel/framework/src/Illuminate/Foundation/Application.php(856): Illuminate\\Container\\Container->call(Array)
#7 /home2/mslearn/public_html/vendor/laravel/framework/src/Illuminate/Foundation/Application.php(839): Illuminate\\Foundation\\Application->bootProvider(Object(App\\Providers\\AppServiceProvider))
#8 [internal function]: Illuminate\\Foundation\\Application->Illuminate\\Foundation\\{closure}(Object(App\\Providers\\AppServiceProvider), 24)
#9 /home2/mslearn/public_html/vendor/laravel/framework/src/Illuminate/Foundation/Application.php(840): array_walk(Array, Object(Closure))
#10 /home2/mslearn/public_html/vendor/laravel/framework/src/Illuminate/Foundation/Bootstrap/BootProviders.php(17): Illuminate\\Foundation\\Application->boot()
#11 /home2/mslearn/public_html/vendor/laravel/framework/src/Illuminate/Foundation/Application.php(219): Illuminate\\Foundation\\Bootstrap\\BootProviders->bootstrap(Object(Illuminate\\Foundation\\Application))
#12 /home2/mslearn/public_html/vendor/laravel/framework/src/Illuminate/Foundation/Http/Kernel.php(156): Illuminate\\Foundation\\Application->bootstrapWith(Array)
#13 /home2/mslearn/public_html/vendor/laravel/framework/src/Illuminate/Foundation/Http/Kernel.php(140): Illuminate\\Foundation\\Http\\Kernel->bootstrap()
#14 /home2/mslearn/public_html/vendor/laravel/framework/src/Illuminate/Foundation/Http/Kernel.php(110): Illuminate\\Foundation\\Http\\Kernel->sendRequestThroughRouter(Object(Illuminate\\Http\\Request))
#15 /home2/mslearn/public_html/index.php(55): Illuminate\\Foundation\\Http\\Kernel->handle(Object(Illuminate\\Http\\Request))
#16 {main}
"} 
[2022-05-22 12:25:18] local.ERROR: Trying to get property 'code' of non-object {"exception":"[object] (ErrorException(code: 0): Trying to get property 'code' of non-object at /home2/mslearn/public_html/app/Providers/AppServiceProvider.php:45)
[stacktrace]
#0 /home2/mslearn/public_html/app/Providers/AppServiceProvider.php(45): Illuminate\\Foundation\\Bootstrap\\HandleExceptions->handleError(8, 'Trying to get p...', '/home2/mslearn/...', 45, Array)
#1 /home2/mslearn/public_html/vendor/laravel/framework/src/Illuminate/Container/BoundMethod.php(36): App\\Providers\\AppServiceProvider->boot()
#2 /home2/mslearn/public_html/vendor/laravel/framework/src/Illuminate/Container/Util.php(37): Illuminate\\Container\\BoundMethod::Illuminate\\Container\\{closure}()
#3 /home2/mslearn/public_html/vendor/laravel/framework/src/Illuminate/Container/BoundMethod.php(93): Illuminate\\Container\\Util::unwrapIfClosure(Object(Closure))
#4 /home2/mslearn/public_html/vendor/laravel/framework/src/Illuminate/Container/BoundMethod.php(37): Illuminate\\Container\\BoundMethod::callBoundMethod(Object(Illuminate\\Foundation\\Application), Array, Object(Closure))
#5 /home2/mslearn/public_html/vendor/laravel/framework/src/Illuminate/Container/Container.php(590): Illuminate\\Container\\BoundMethod::call(Object(Illuminate\\Foundation\\Application), Array, Array, NULL)
#6 /home2/mslearn/public_html/vendor/laravel/framework/src/Illuminate/Foundation/Application.php(856): Illuminate\\Container\\Container->call(Array)
#7 /home2/mslearn/public_html/vendor/laravel/framework/src/Illuminate/Foundation/Application.php(839): Illuminate\\Foundation\\Application->bootProvider(Object(App\\Providers\\AppServiceProvider))
#8 [internal function]: Illuminate\\Foundation\\Application->Illuminate\\Foundation\\{closure}(Object(App\\Providers\\AppServiceProvider), 24)
#9 /home2/mslearn/public_html/vendor/laravel/framework/src/Illuminate/Foundation/Application.php(840): array_walk(Array, Object(Closure))
#10 /home2/mslearn/public_html/vendor/laravel/framework/src/Illuminate/Foundation/Bootstrap/BootProviders.php(17): Illuminate\\Foundation\\Application->boot()
#11 /home2/mslearn/public_html/vendor/laravel/framework/src/Illuminate/Foundation/Application.php(219): Illuminate\\Foundation\\Bootstrap\\BootProviders->bootstrap(Object(Illuminate\\Foundation\\Application))
#12 /home2/mslearn/public_html/vendor/laravel/framework/src/Illuminate/Foundation/Http/Kernel.php(156): Illuminate\\Foundation\\Application->bootstrapWith(Array)
#13 /home2/mslearn/public_html/vendor/laravel/framework/src/Illuminate/Foundation/Http/Kernel.php(140): Illuminate\\Foundation\\Http\\Kernel->bootstrap()
#14 /home2/mslearn/public_html/vendor/laravel/framework/src/Illuminate/Foundation/Http/Kernel.php(110): Illuminate\\Foundation\\Http\\Kernel->sendRequestThroughRouter(Object(Illuminate\\Http\\Request))
#15 /home2/mslearn/public_html/index.php(55): Illuminate\\Foundation\\Http\\Kernel->handle(Object(Illuminate\\Http\\Request))
#16 {main}
"} 
[2022-05-22 12:25:21] local.ERROR: Trying to get property 'code' of non-object {"exception":"[object] (ErrorException(code: 0): Trying to get property 'code' of non-object at /home2/mslearn/public_html/app/Providers/AppServiceProvider.php:45)
[stacktrace]
#0 /home2/mslearn/public_html/app/Providers/AppServiceProvider.php(45): Illuminate\\Foundation\\Bootstrap\\HandleExceptions->handleError(8, 'Trying to get p...', '/home2/mslearn/...', 45, Array)
#1 /home2/mslearn/public_html/vendor/laravel/framework/src/Illuminate/Container/BoundMethod.php(36): App\\Providers\\AppServiceProvider->boot()
#2 /home2/mslearn/public_html/vendor/laravel/framework/src/Illuminate/Container/Util.php(37): Illuminate\\Container\\BoundMethod::Illuminate\\Container\\{closure}()
#3 /home2/mslearn/public_html/vendor/laravel/framework/src/Illuminate/Container/BoundMethod.php(93): Illuminate\\Container\\Util::unwrapIfClosure(Object(Closure))
#4 /home2/mslearn/public_html/vendor/laravel/framework/src/Illuminate/Container/BoundMethod.php(37): Illuminate\\Container\\BoundMethod::callBoundMethod(Object(Illuminate\\Foundation\\Application), Array, Object(Closure))
#5 /home2/mslearn/public_html/vendor/laravel/framework/src/Illuminate/Container/Container.php(590): Illuminate\\Container\\BoundMethod::call(Object(Illuminate\\Foundation\\Application), Array, Array, NULL)
#6 /home2/mslearn/public_html/vendor/laravel/framework/src/Illuminate/Foundation/Application.php(856): Illuminate\\Container\\Container->call(Array)
#7 /home2/mslearn/public_html/vendor/laravel/framework/src/Illuminate/Foundation/Application.php(839): Illuminate\\Foundation\\Application->bootProvider(Object(App\\Providers\\AppServiceProvider))
#8 [internal function]: Illuminate\\Foundation\\Application->Illuminate\\Foundation\\{closure}(Object(App\\Providers\\AppServiceProvider), 24)
#9 /home2/mslearn/public_html/vendor/laravel/framework/src/Illuminate/Foundation/Application.php(840): array_walk(Array, Object(Closure))
#10 /home2/mslearn/public_html/vendor/laravel/framework/src/Illuminate/Foundation/Bootstrap/BootProviders.php(17): Illuminate\\Foundation\\Application->boot()
#11 /home2/mslearn/public_html/vendor/laravel/framework/src/Illuminate/Foundation/Application.php(219): Illuminate\\Foundation\\Bootstrap\\BootProviders->bootstrap(Object(Illuminate\\Foundation\\Application))
#12 /home2/mslearn/public_html/vendor/laravel/framework/src/Illuminate/Foundation/Http/Kernel.php(156): Illuminate\\Foundation\\Application->bootstrapWith(Array)
#13 /home2/mslearn/public_html/vendor/laravel/framework/src/Illuminate/Foundation/Http/Kernel.php(140): Illuminate\\Foundation\\Http\\Kernel->bootstrap()
#14 /home2/mslearn/public_html/vendor/laravel/framework/src/Illuminate/Foundation/Http/Kernel.php(110): Illuminate\\Foundation\\Http\\Kernel->sendRequestThroughRouter(Object(Illuminate\\Http\\Request))
#15 /home2/mslearn/public_html/index.php(55): Illuminate\\Foundation\\Http\\Kernel->handle(Object(Illuminate\\Http\\Request))
#16 {main}
"} 
[2022-05-22 12:26:10] local.ERROR: Trying to get property 'code' of non-object {"exception":"[object] (ErrorException(code: 0): Trying to get property 'code' of non-object at /home2/mslearn/public_html/app/Providers/AppServiceProvider.php:45)
[stacktrace]
#0 /home2/mslearn/public_html/app/Providers/AppServiceProvider.php(45): Illuminate\\Foundation\\Bootstrap\\HandleExceptions->handleError(8, 'Trying to get p...', '/home2/mslearn/...', 45, Array)
#1 /home2/mslearn/public_html/vendor/laravel/framework/src/Illuminate/Container/BoundMethod.php(36): App\\Providers\\AppServiceProvider->boot()
#2 /home2/mslearn/public_html/vendor/laravel/framework/src/Illuminate/Container/Util.php(37): Illuminate\\Container\\BoundMethod::Illuminate\\Container\\{closure}()
#3 /home2/mslearn/public_html/vendor/laravel/framework/src/Illuminate/Container/BoundMethod.php(93): Illuminate\\Container\\Util::unwrapIfClosure(Object(Closure))
#4 /home2/mslearn/public_html/vendor/laravel/framework/src/Illuminate/Container/BoundMethod.php(37): Illuminate\\Container\\BoundMethod::callBoundMethod(Object(Illuminate\\Foundation\\Application), Array, Object(Closure))
#5 /home2/mslearn/public_html/vendor/laravel/framework/src/Illuminate/Container/Container.php(590): Illuminate\\Container\\BoundMethod::call(Object(Illuminate\\Foundation\\Application), Array, Array, NULL)
#6 /home2/mslearn/public_html/vendor/laravel/framework/src/Illuminate/Foundation/Application.php(856): Illuminate\\Container\\Container->call(Array)
#7 /home2/mslearn/public_html/vendor/laravel/framework/src/Illuminate/Foundation/Application.php(839): Illuminate\\Foundation\\Application->bootProvider(Object(App\\Providers\\AppServiceProvider))
#8 [internal function]: Illuminate\\Foundation\\Application->Illuminate\\Foundation\\{closure}(Object(App\\Providers\\AppServiceProvider), 24)
#9 /home2/mslearn/public_html/vendor/laravel/framework/src/Illuminate/Foundation/Application.php(840): array_walk(Array, Object(Closure))
#10 /home2/mslearn/public_html/vendor/laravel/framework/src/Illuminate/Foundation/Bootstrap/BootProviders.php(17): Illuminate\\Foundation\\Application->boot()
#11 /home2/mslearn/public_html/vendor/laravel/framework/src/Illuminate/Foundation/Application.php(219): Illuminate\\Foundation\\Bootstrap\\BootProviders->bootstrap(Object(Illuminate\\Foundation\\Application))
#12 /home2/mslearn/public_html/vendor/laravel/framework/src/Illuminate/Foundation/Http/Kernel.php(156): Illuminate\\Foundation\\Application->bootstrapWith(Array)
#13 /home2/mslearn/public_html/vendor/laravel/framework/src/Illuminate/Foundation/Http/Kernel.php(140): Illuminate\\Foundation\\Http\\Kernel->bootstrap()
#14 /home2/mslearn/public_html/vendor/laravel/framework/src/Illuminate/Foundation/Http/Kernel.php(110): Illuminate\\Foundation\\Http\\Kernel->sendRequestThroughRouter(Object(Illuminate\\Http\\Request))
#15 /home2/mslearn/public_html/index.php(55): Illuminate\\Foundation\\Http\\Kernel->handle(Object(Illuminate\\Http\\Request))
#16 {main}
"} 
[2022-05-22 13:01:44] local.ERROR: Method App\Http\Controllers\SaleController::show does not exist. {"userId":1,"exception":"[object] (BadMethodCallException(code: 0): Method App\\Http\\Controllers\\SaleController::show does not exist. at /home2/mslearn/public_html/vendor/laravel/framework/src/Illuminate/Routing/Controller.php:68)
[stacktrace]
#0 /home2/mslearn/public_html/vendor/laravel/framework/src/Illuminate/Routing/Controller.php(54): Illuminate\\Routing\\Controller->__call('show', Array)
#1 /home2/mslearn/public_html/vendor/laravel/framework/src/Illuminate/Routing/ControllerDispatcher.php(45): Illuminate\\Routing\\Controller->callAction('show', Array)
#2 /home2/mslearn/public_html/vendor/laravel/framework/src/Illuminate/Routing/Route.php(219): Illuminate\\Routing\\ControllerDispatcher->dispatch(Object(Illuminate\\Routing\\Route), Object(App\\Http\\Controllers\\SaleController), 'show')
#3 /home2/mslearn/public_html/vendor/laravel/framework/src/Illuminate/Routing/Route.php(176): Illuminate\\Routing\\Route->runController()
#4 /home2/mslearn/public_html/vendor/laravel/framework/src/Illuminate/Routing/Router.php(681): Illuminate\\Routing\\Route->run()
#5 /home2/mslearn/public_html/vendor/laravel/framework/src/Illuminate/Pipeline/Pipeline.php(130): Illuminate\\Routing\\Router->Illuminate\\Routing\\{closure}(Object(Illuminate\\Http\\Request))
#6 /home2/mslearn/public_html/app/Http/Middleware/Active.php(20): Illuminate\\Pipeline\\Pipeline->Illuminate\\Pipeline\\{closure}(Object(Illuminate\\Http\\Request))
#7 /home2/mslearn/public_html/vendor/laravel/framework/src/Illuminate/Pipeline/Pipeline.php(171): App\\Http\\Middleware\\Active->handle(Object(Illuminate\\Http\\Request), Object(Closure))
#8 /home2/mslearn/public_html/vendor/laravel/framework/src/Illuminate/Routing/Middleware/SubstituteBindings.php(41): Illuminate\\Pipeline\\Pipeline->Illuminate\\Pipeline\\{closure}(Object(Illuminate\\Http\\Request))
#9 /home2/mslearn/public_html/vendor/laravel/framework/src/Illuminate/Pipeline/Pipeline.php(171): Illuminate\\Routing\\Middleware\\SubstituteBindings->handle(Object(Illuminate\\Http\\Request), Object(Closure))
#10 /home2/mslearn/public_html/vendor/laravel/framework/src/Illuminate/Auth/Middleware/Authenticate.php(43): Illuminate\\Pipeline\\Pipeline->Illuminate\\Pipeline\\{closure}(Object(Illuminate\\Http\\Request))
#11 /home2/mslearn/public_html/vendor/laravel/framework/src/Illuminate/Pipeline/Pipeline.php(171): Illuminate\\Auth\\Middleware\\Authenticate->handle(Object(Illuminate\\Http\\Request), Object(Closure))
#12 /home2/mslearn/public_html/vendor/laravel/framework/src/Illuminate/Foundation/Http/Middleware/VerifyCsrfToken.php(77): Illuminate\\Pipeline\\Pipeline->Illuminate\\Pipeline\\{closure}(Object(Illuminate\\Http\\Request))
#13 /home2/mslearn/public_html/vendor/laravel/framework/src/Illuminate/Pipeline/Pipeline.php(171): Illuminate\\Foundation\\Http\\Middleware\\VerifyCsrfToken->handle(Object(Illuminate\\Http\\Request), Object(Closure))
#14 /home2/mslearn/public_html/vendor/laravel/framework/src/Illuminate/View/Middleware/ShareErrorsFromSession.php(49): Illuminate\\Pipeline\\Pipeline->Illuminate\\Pipeline\\{closure}(Object(Illuminate\\Http\\Request))
#15 /home2/mslearn/public_html/vendor/laravel/framework/src/Illuminate/Pipeline/Pipeline.php(171): Illuminate\\View\\Middleware\\ShareErrorsFromSession->handle(Object(Illuminate\\Http\\Request), Object(Closure))
#16 /home2/mslearn/public_html/vendor/laravel/framework/src/Illuminate/Session/Middleware/StartSession.php(56): Illuminate\\Pipeline\\Pipeline->Illuminate\\Pipeline\\{closure}(Object(Illuminate\\Http\\Request))
#17 /home2/mslearn/public_html/vendor/laravel/framework/src/Illuminate/Pipeline/Pipeline.php(171): Illuminate\\Session\\Middleware\\StartSession->handle(Object(Illuminate\\Http\\Request), Object(Closure))
#18 /home2/mslearn/public_html/vendor/laravel/framework/src/Illuminate/Cookie/Middleware/AddQueuedCookiesToResponse.php(37): Illuminate\\Pipeline\\Pipeline->Illuminate\\Pipeline\\{closure}(Object(Illuminate\\Http\\Request))
#19 /home2/mslearn/public_html/vendor/laravel/framework/src/Illuminate/Pipeline/Pipeline.php(171): Illuminate\\Cookie\\Middleware\\AddQueuedCookiesToResponse->handle(Object(Illuminate\\Http\\Request), Object(Closure))
#20 /home2/mslearn/public_html/vendor/laravel/framework/src/Illuminate/Cookie/Middleware/EncryptCookies.php(67): Illuminate\\Pipeline\\Pipeline->Illuminate\\Pipeline\\{closure}(Object(Illuminate\\Http\\Request))
#21 /home2/mslearn/public_html/vendor/laravel/framework/src/Illuminate/Pipeline/Pipeline.php(171): Illuminate\\Cookie\\Middleware\\EncryptCookies->handle(Object(Illuminate\\Http\\Request), Object(Closure))
#22 /home2/mslearn/public_html/vendor/laravel/framework/src/Illuminate/Pipeline/Pipeline.php(105): Illuminate\\Pipeline\\Pipeline->Illuminate\\Pipeline\\{closure}(Object(Illuminate\\Http\\Request))
#23 /home2/mslearn/public_html/vendor/laravel/framework/src/Illuminate/Routing/Router.php(683): Illuminate\\Pipeline\\Pipeline->then(Object(Closure))
#24 /home2/mslearn/public_html/vendor/laravel/framework/src/Illuminate/Routing/Router.php(658): Illuminate\\Routing\\Router->runRouteWithinStack(Object(Illuminate\\Routing\\Route), Object(Illuminate\\Http\\Request))
#25 /home2/mslearn/public_html/vendor/laravel/framework/src/Illuminate/Routing/Router.php(624): Illuminate\\Routing\\Router->runRoute(Object(Illuminate\\Http\\Request), Object(Illuminate\\Routing\\Route))
#26 /home2/mslearn/public_html/vendor/laravel/framework/src/Illuminate/Routing/Router.php(613): Illuminate\\Routing\\Router->dispatchToRoute(Object(Illuminate\\Http\\Request))
#27 /home2/mslearn/public_html/vendor/laravel/framework/src/Illuminate/Foundation/Http/Kernel.php(170): Illuminate\\Routing\\Router->dispatch(Object(Illuminate\\Http\\Request))
#28 /home2/mslearn/public_html/vendor/laravel/framework/src/Illuminate/Pipeline/Pipeline.php(130): Illuminate\\Foundation\\Http\\Kernel->Illuminate\\Foundation\\Http\\{closure}(Object(Illuminate\\Http\\Request))
#29 /home2/mslearn/public_html/vendor/laravel/framework/src/Illuminate/Foundation/Http/Middleware/TransformsRequest.php(21): Illuminate\\Pipeline\\Pipeline->Illuminate\\Pipeline\\{closure}(Object(Illuminate\\Http\\Request))
#30 /home2/mslearn/public_html/vendor/laravel/framework/src/Illuminate/Pipeline/Pipeline.php(171): Illuminate\\Foundation\\Http\\Middleware\\TransformsRequest->handle(Object(Illuminate\\Http\\Request), Object(Closure))
#31 /home2/mslearn/public_html/vendor/laravel/framework/src/Illuminate/Foundation/Http/Middleware/TransformsRequest.php(21): Illuminate\\Pipeline\\Pipeline->Illuminate\\Pipeline\\{closure}(Object(Illuminate\\Http\\Request))
#32 /home2/mslearn/public_html/vendor/laravel/framework/src/Illuminate/Pipeline/Pipeline.php(171): Illuminate\\Foundation\\Http\\Middleware\\TransformsRequest->handle(Object(Illuminate\\Http\\Request), Object(Closure))
#33 /home2/mslearn/public_html/vendor/laravel/framework/src/Illuminate/Foundation/Http/Middleware/ValidatePostSize.php(27): Illuminate\\Pipeline\\Pipeline->Illuminate\\Pipeline\\{closure}(Object(Illuminate\\Http\\Request))
#34 /home2/mslearn/public_html/vendor/laravel/framework/src/Illuminate/Pipeline/Pipeline.php(171): Illuminate\\Foundation\\Http\\Middleware\\ValidatePostSize->handle(Object(Illuminate\\Http\\Request), Object(Closure))
#35 /home2/mslearn/public_html/vendor/laravel/framework/src/Illuminate/Foundation/Http/Middleware/CheckForMaintenanceMode.php(63): Illuminate\\Pipeline\\Pipeline->Illuminate\\Pipeline\\{closure}(Object(Illuminate\\Http\\Request))
#36 /home2/mslearn/public_html/vendor/laravel/framework/src/Illuminate/Pipeline/Pipeline.php(171): Illuminate\\Foundation\\Http\\Middleware\\CheckForMaintenanceMode->handle(Object(Illuminate\\Http\\Request), Object(Closure))
#37 /home2/mslearn/public_html/vendor/fideloper/proxy/src/TrustProxies.php(57): Illuminate\\Pipeline\\Pipeline->Illuminate\\Pipeline\\{closure}(Object(Illuminate\\Http\\Request))
#38 /home2/mslearn/public_html/vendor/laravel/framework/src/Illuminate/Pipeline/Pipeline.php(171): Fideloper\\Proxy\\TrustProxies->handle(Object(Illuminate\\Http\\Request), Object(Closure))
#39 /home2/mslearn/public_html/vendor/laravel/framework/src/Illuminate/Pipeline/Pipeline.php(105): Illuminate\\Pipeline\\Pipeline->Illuminate\\Pipeline\\{closure}(Object(Illuminate\\Http\\Request))
#40 /home2/mslearn/public_html/vendor/laravel/framework/src/Illuminate/Foundation/Http/Kernel.php(145): Illuminate\\Pipeline\\Pipeline->then(Object(Closure))
#41 /home2/mslearn/public_html/vendor/laravel/framework/src/Illuminate/Foundation/Http/Kernel.php(110): Illuminate\\Foundation\\Http\\Kernel->sendRequestThroughRouter(Object(Illuminate\\Http\\Request))
#42 /home2/mslearn/public_html/index.php(55): Illuminate\\Foundation\\Http\\Kernel->handle(Object(Illuminate\\Http\\Request))
#43 {main}
"} 
[2022-05-22 13:14:07] local.ERROR: Undefined index: stripeToken {"userId":1,"exception":"[object] (ErrorException(code: 0): Undefined index: stripeToken at /home2/mslearn/public_html/app/Http/Controllers/SaleController.php:582)
[stacktrace]
#0 /home2/mslearn/public_html/app/Http/Controllers/SaleController.php(582): Illuminate\\Foundation\\Bootstrap\\HandleExceptions->handleError(8, 'Undefined index...', '/home2/mslearn/...', 582, Array)
#1 /home2/mslearn/public_html/vendor/laravel/framework/src/Illuminate/Routing/Controller.php(54): App\\Http\\Controllers\\SaleController->store(Object(Illuminate\\Http\\Request))
#2 /home2/mslearn/public_html/vendor/laravel/framework/src/Illuminate/Routing/ControllerDispatcher.php(45): Illuminate\\Routing\\Controller->callAction('store', Array)
#3 /home2/mslearn/public_html/vendor/laravel/framework/src/Illuminate/Routing/Route.php(219): Illuminate\\Routing\\ControllerDispatcher->dispatch(Object(Illuminate\\Routing\\Route), Object(App\\Http\\Controllers\\SaleController), 'store')
#4 /home2/mslearn/public_html/vendor/laravel/framework/src/Illuminate/Routing/Route.php(176): Illuminate\\Routing\\Route->runController()
#5 /home2/mslearn/public_html/vendor/laravel/framework/src/Illuminate/Routing/Router.php(681): Illuminate\\Routing\\Route->run()
#6 /home2/mslearn/public_html/vendor/laravel/framework/src/Illuminate/Pipeline/Pipeline.php(130): Illuminate\\Routing\\Router->Illuminate\\Routing\\{closure}(Object(Illuminate\\Http\\Request))
#7 /home2/mslearn/public_html/app/Http/Middleware/Active.php(20): Illuminate\\Pipeline\\Pipeline->Illuminate\\Pipeline\\{closure}(Object(Illuminate\\Http\\Request))
#8 /home2/mslearn/public_html/vendor/laravel/framework/src/Illuminate/Pipeline/Pipeline.php(171): App\\Http\\Middleware\\Active->handle(Object(Illuminate\\Http\\Request), Object(Closure))
#9 /home2/mslearn/public_html/vendor/laravel/framework/src/Illuminate/Routing/Middleware/SubstituteBindings.php(41): Illuminate\\Pipeline\\Pipeline->Illuminate\\Pipeline\\{closure}(Object(Illuminate\\Http\\Request))
#10 /home2/mslearn/public_html/vendor/laravel/framework/src/Illuminate/Pipeline/Pipeline.php(171): Illuminate\\Routing\\Middleware\\SubstituteBindings->handle(Object(Illuminate\\Http\\Request), Object(Closure))
#11 /home2/mslearn/public_html/vendor/laravel/framework/src/Illuminate/Auth/Middleware/Authenticate.php(43): Illuminate\\Pipeline\\Pipeline->Illuminate\\Pipeline\\{closure}(Object(Illuminate\\Http\\Request))
#12 /home2/mslearn/public_html/vendor/laravel/framework/src/Illuminate/Pipeline/Pipeline.php(171): Illuminate\\Auth\\Middleware\\Authenticate->handle(Object(Illuminate\\Http\\Request), Object(Closure))
#13 /home2/mslearn/public_html/vendor/laravel/framework/src/Illuminate/Foundation/Http/Middleware/VerifyCsrfToken.php(77): Illuminate\\Pipeline\\Pipeline->Illuminate\\Pipeline\\{closure}(Object(Illuminate\\Http\\Request))
#14 /home2/mslearn/public_html/vendor/laravel/framework/src/Illuminate/Pipeline/Pipeline.php(171): Illuminate\\Foundation\\Http\\Middleware\\VerifyCsrfToken->handle(Object(Illuminate\\Http\\Request), Object(Closure))
#15 /home2/mslearn/public_html/vendor/laravel/framework/src/Illuminate/View/Middleware/ShareErrorsFromSession.php(49): Illuminate\\Pipeline\\Pipeline->Illuminate\\Pipeline\\{closure}(Object(Illuminate\\Http\\Request))
#16 /home2/mslearn/public_html/vendor/laravel/framework/src/Illuminate/Pipeline/Pipeline.php(171): Illuminate\\View\\Middleware\\ShareErrorsFromSession->handle(Object(Illuminate\\Http\\Request), Object(Closure))
#17 /home2/mslearn/public_html/vendor/laravel/framework/src/Illuminate/Session/Middleware/StartSession.php(56): Illuminate\\Pipeline\\Pipeline->Illuminate\\Pipeline\\{closure}(Object(Illuminate\\Http\\Request))
#18 /home2/mslearn/public_html/vendor/laravel/framework/src/Illuminate/Pipeline/Pipeline.php(171): Illuminate\\Session\\Middleware\\StartSession->handle(Object(Illuminate\\Http\\Request), Object(Closure))
#19 /home2/mslearn/public_html/vendor/laravel/framework/src/Illuminate/Cookie/Middleware/AddQueuedCookiesToResponse.php(37): Illuminate\\Pipeline\\Pipeline->Illuminate\\Pipeline\\{closure}(Object(Illuminate\\Http\\Request))
#20 /home2/mslearn/public_html/vendor/laravel/framework/src/Illuminate/Pipeline/Pipeline.php(171): Illuminate\\Cookie\\Middleware\\AddQueuedCookiesToResponse->handle(Object(Illuminate\\Http\\Request), Object(Closure))
#21 /home2/mslearn/public_html/vendor/laravel/framework/src/Illuminate/Cookie/Middleware/EncryptCookies.php(67): Illuminate\\Pipeline\\Pipeline->Illuminate\\Pipeline\\{closure}(Object(Illuminate\\Http\\Request))
#22 /home2/mslearn/public_html/vendor/laravel/framework/src/Illuminate/Pipeline/Pipeline.php(171): Illuminate\\Cookie\\Middleware\\EncryptCookies->handle(Object(Illuminate\\Http\\Request), Object(Closure))
#23 /home2/mslearn/public_html/vendor/laravel/framework/src/Illuminate/Pipeline/Pipeline.php(105): Illuminate\\Pipeline\\Pipeline->Illuminate\\Pipeline\\{closure}(Object(Illuminate\\Http\\Request))
#24 /home2/mslearn/public_html/vendor/laravel/framework/src/Illuminate/Routing/Router.php(683): Illuminate\\Pipeline\\Pipeline->then(Object(Closure))
#25 /home2/mslearn/public_html/vendor/laravel/framework/src/Illuminate/Routing/Router.php(658): Illuminate\\Routing\\Router->runRouteWithinStack(Object(Illuminate\\Routing\\Route), Object(Illuminate\\Http\\Request))
#26 /home2/mslearn/public_html/vendor/laravel/framework/src/Illuminate/Routing/Router.php(624): Illuminate\\Routing\\Router->runRoute(Object(Illuminate\\Http\\Request), Object(Illuminate\\Routing\\Route))
#27 /home2/mslearn/public_html/vendor/laravel/framework/src/Illuminate/Routing/Router.php(613): Illuminate\\Routing\\Router->dispatchToRoute(Object(Illuminate\\Http\\Request))
#28 /home2/mslearn/public_html/vendor/laravel/framework/src/Illuminate/Foundation/Http/Kernel.php(170): Illuminate\\Routing\\Router->dispatch(Object(Illuminate\\Http\\Request))
#29 /home2/mslearn/public_html/vendor/laravel/framework/src/Illuminate/Pipeline/Pipeline.php(130): Illuminate\\Foundation\\Http\\Kernel->Illuminate\\Foundation\\Http\\{closure}(Object(Illuminate\\Http\\Request))
#30 /home2/mslearn/public_html/vendor/laravel/framework/src/Illuminate/Foundation/Http/Middleware/TransformsRequest.php(21): Illuminate\\Pipeline\\Pipeline->Illuminate\\Pipeline\\{closure}(Object(Illuminate\\Http\\Request))
#31 /home2/mslearn/public_html/vendor/laravel/framework/src/Illuminate/Pipeline/Pipeline.php(171): Illuminate\\Foundation\\Http\\Middleware\\TransformsRequest->handle(Object(Illuminate\\Http\\Request), Object(Closure))
#32 /home2/mslearn/public_html/vendor/laravel/framework/src/Illuminate/Foundation/Http/Middleware/TransformsRequest.php(21): Illuminate\\Pipeline\\Pipeline->Illuminate\\Pipeline\\{closure}(Object(Illuminate\\Http\\Request))
#33 /home2/mslearn/public_html/vendor/laravel/framework/src/Illuminate/Pipeline/Pipeline.php(171): Illuminate\\Foundation\\Http\\Middleware\\TransformsRequest->handle(Object(Illuminate\\Http\\Request), Object(Closure))
#34 /home2/mslearn/public_html/vendor/laravel/framework/src/Illuminate/Foundation/Http/Middleware/ValidatePostSize.php(27): Illuminate\\Pipeline\\Pipeline->Illuminate\\Pipeline\\{closure}(Object(Illuminate\\Http\\Request))
#35 /home2/mslearn/public_html/vendor/laravel/framework/src/Illuminate/Pipeline/Pipeline.php(171): Illuminate\\Foundation\\Http\\Middleware\\ValidatePostSize->handle(Object(Illuminate\\Http\\Request), Object(Closure))
#36 /home2/mslearn/public_html/vendor/laravel/framework/src/Illuminate/Foundation/Http/Middleware/CheckForMaintenanceMode.php(63): Illuminate\\Pipeline\\Pipeline->Illuminate\\Pipeline\\{closure}(Object(Illuminate\\Http\\Request))
#37 /home2/mslearn/public_html/vendor/laravel/framework/src/Illuminate/Pipeline/Pipeline.php(171): Illuminate\\Foundation\\Http\\Middleware\\CheckForMaintenanceMode->handle(Object(Illuminate\\Http\\Request), Object(Closure))
#38 /home2/mslearn/public_html/vendor/fideloper/proxy/src/TrustProxies.php(57): Illuminate\\Pipeline\\Pipeline->Illuminate\\Pipeline\\{closure}(Object(Illuminate\\Http\\Request))
#39 /home2/mslearn/public_html/vendor/laravel/framework/src/Illuminate/Pipeline/Pipeline.php(171): Fideloper\\Proxy\\TrustProxies->handle(Object(Illuminate\\Http\\Request), Object(Closure))
#40 /home2/mslearn/public_html/vendor/laravel/framework/src/Illuminate/Pipeline/Pipeline.php(105): Illuminate\\Pipeline\\Pipeline->Illuminate\\Pipeline\\{closure}(Object(Illuminate\\Http\\Request))
#41 /home2/mslearn/public_html/vendor/laravel/framework/src/Illuminate/Foundation/Http/Kernel.php(145): Illuminate\\Pipeline\\Pipeline->then(Object(Closure))
#42 /home2/mslearn/public_html/vendor/laravel/framework/src/Illuminate/Foundation/Http/Kernel.php(110): Illuminate\\Foundation\\Http\\Kernel->sendRequestThroughRouter(Object(Illuminate\\Http\\Request))
#43 /home2/mslearn/public_html/index.php(55): Illuminate\\Foundation\\Http\\Kernel->handle(Object(Illuminate\\Http\\Request))
#44 {main}
"} 
[2022-05-24 16:52:45] local.ERROR: SQLSTATE[HY000] [1045] Access denied for user 'mslearn_db'@'localhost' (using password: YES) (SQL: select * from `general_settings` order by `created_at` desc limit 1) {"exception":"[object] (Illuminate\\Database\\QueryException(code: 1045): SQLSTATE[HY000] [1045] Access denied for user 'mslearn_db'@'localhost' (using password: YES) (SQL: select * from `general_settings` order by `created_at` desc limit 1) at C:\\xamppold\\htdocs\\mslearn\\vendor\\laravel\\framework\\src\\Illuminate\\Database\\Connection.php:669)
[stacktrace]
#0 C:\\xamppold\\htdocs\\mslearn\\vendor\\laravel\\framework\\src\\Illuminate\\Database\\Connection.php(629): Illuminate\\Database\\Connection->runQueryCallback('select * from `...', Array, Object(Closure))
#1 C:\\xamppold\\htdocs\\mslearn\\vendor\\laravel\\framework\\src\\Illuminate\\Database\\Connection.php(338): Illuminate\\Database\\Connection->run('select * from `...', Array, Object(Closure))
#2 C:\\xamppold\\htdocs\\mslearn\\vendor\\laravel\\framework\\src\\Illuminate\\Database\\Query\\Builder.php(2149): Illuminate\\Database\\Connection->select('select * from `...', Array, true)
#3 C:\\xamppold\\htdocs\\mslearn\\vendor\\laravel\\framework\\src\\Illuminate\\Database\\Query\\Builder.php(2137): Illuminate\\Database\\Query\\Builder->runSelect()
#4 C:\\xamppold\\htdocs\\mslearn\\vendor\\laravel\\framework\\src\\Illuminate\\Database\\Query\\Builder.php(2609): Illuminate\\Database\\Query\\Builder->Illuminate\\Database\\Query\\{closure}()
#5 C:\\xamppold\\htdocs\\mslearn\\vendor\\laravel\\framework\\src\\Illuminate\\Database\\Query\\Builder.php(2138): Illuminate\\Database\\Query\\Builder->onceWithColumns(Array, Object(Closure))
#6 C:\\xamppold\\htdocs\\mslearn\\vendor\\laravel\\framework\\src\\Illuminate\\Database\\Concerns\\BuildsQueries.php(143): Illuminate\\Database\\Query\\Builder->get(Array)
#7 C:\\xamppold\\htdocs\\mslearn\\app\\Providers\\AppServiceProvider.php(41): Illuminate\\Database\\Query\\Builder->first()
#8 C:\\xamppold\\htdocs\\mslearn\\vendor\\laravel\\framework\\src\\Illuminate\\Container\\BoundMethod.php(36): App\\Providers\\AppServiceProvider->boot()
#9 C:\\xamppold\\htdocs\\mslearn\\vendor\\laravel\\framework\\src\\Illuminate\\Container\\Util.php(37): Illuminate\\Container\\BoundMethod::Illuminate\\Container\\{closure}()
#10 C:\\xamppold\\htdocs\\mslearn\\vendor\\laravel\\framework\\src\\Illuminate\\Container\\BoundMethod.php(93): Illuminate\\Container\\Util::unwrapIfClosure(Object(Closure))
#11 C:\\xamppold\\htdocs\\mslearn\\vendor\\laravel\\framework\\src\\Illuminate\\Container\\BoundMethod.php(37): Illuminate\\Container\\BoundMethod::callBoundMethod(Object(Illuminate\\Foundation\\Application), Array, Object(Closure))
#12 C:\\xamppold\\htdocs\\mslearn\\vendor\\laravel\\framework\\src\\Illuminate\\Container\\Container.php(590): Illuminate\\Container\\BoundMethod::call(Object(Illuminate\\Foundation\\Application), Array, Array, NULL)
#13 C:\\xamppold\\htdocs\\mslearn\\vendor\\laravel\\framework\\src\\Illuminate\\Foundation\\Application.php(856): Illuminate\\Container\\Container->call(Array)
#14 C:\\xamppold\\htdocs\\mslearn\\vendor\\laravel\\framework\\src\\Illuminate\\Foundation\\Application.php(839): Illuminate\\Foundation\\Application->bootProvider(Object(App\\Providers\\AppServiceProvider))
#15 [internal function]: Illuminate\\Foundation\\Application->Illuminate\\Foundation\\{closure}(Object(App\\Providers\\AppServiceProvider), 24)
#16 C:\\xamppold\\htdocs\\mslearn\\vendor\\laravel\\framework\\src\\Illuminate\\Foundation\\Application.php(840): array_walk(Array, Object(Closure))
#17 C:\\xamppold\\htdocs\\mslearn\\vendor\\laravel\\framework\\src\\Illuminate\\Foundation\\Bootstrap\\BootProviders.php(17): Illuminate\\Foundation\\Application->boot()
#18 C:\\xamppold\\htdocs\\mslearn\\vendor\\laravel\\framework\\src\\Illuminate\\Foundation\\Application.php(219): Illuminate\\Foundation\\Bootstrap\\BootProviders->bootstrap(Object(Illuminate\\Foundation\\Application))
#19 C:\\xamppold\\htdocs\\mslearn\\vendor\\laravel\\framework\\src\\Illuminate\\Foundation\\Console\\Kernel.php(320): Illuminate\\Foundation\\Application->bootstrapWith(Array)
#20 C:\\xamppold\\htdocs\\mslearn\\vendor\\laravel\\framework\\src\\Illuminate\\Foundation\\Console\\Kernel.php(129): Illuminate\\Foundation\\Console\\Kernel->bootstrap()
#21 C:\\xamppold\\htdocs\\mslearn\\artisan(37): Illuminate\\Foundation\\Console\\Kernel->handle(Object(Symfony\\Component\\Console\\Input\\ArgvInput), Object(Symfony\\Component\\Console\\Output\\ConsoleOutput))
#22 {main}

[previous exception] [object] (Doctrine\\DBAL\\Driver\\PDO\\Exception(code: 1045): SQLSTATE[HY000] [1045] Access denied for user 'mslearn_db'@'localhost' (using password: YES) at C:\\xamppold\\htdocs\\mslearn\\vendor\\doctrine\\dbal\\lib\\Doctrine\\DBAL\\Driver\\PDO\\Exception.php:18)
[stacktrace]
#0 C:\\xamppold\\htdocs\\mslearn\\vendor\\doctrine\\dbal\\lib\\Doctrine\\DBAL\\Driver\\PDOConnection.php(42): Doctrine\\DBAL\\Driver\\PDO\\Exception::new(Object(PDOException))
#1 C:\\xamppold\\htdocs\\mslearn\\vendor\\laravel\\framework\\src\\Illuminate\\Database\\Connectors\\Connector.php(67): Doctrine\\DBAL\\Driver\\PDOConnection->__construct('mysql:host=127....', 'mslearn_db', 'matinsoftech', Array)
#2 C:\\xamppold\\htdocs\\mslearn\\vendor\\laravel\\framework\\src\\Illuminate\\Database\\Connectors\\Connector.php(46): Illuminate\\Database\\Connectors\\Connector->createPdoConnection('mysql:host=127....', 'mslearn_db', 'matinsoftech', Array)
#3 C:\\xamppold\\htdocs\\mslearn\\vendor\\laravel\\framework\\src\\Illuminate\\Database\\Connectors\\MySqlConnector.php(24): Illuminate\\Database\\Connectors\\Connector->createConnection('mysql:host=127....', Array, Array)
#4 C:\\xamppold\\htdocs\\mslearn\\vendor\\laravel\\framework\\src\\Illuminate\\Database\\Connectors\\ConnectionFactory.php(182): Illuminate\\Database\\Connectors\\MySqlConnector->connect(Array)
#5 [internal function]: Illuminate\\Database\\Connectors\\ConnectionFactory->Illuminate\\Database\\Connectors\\{closure}()
#6 C:\\xamppold\\htdocs\\mslearn\\vendor\\laravel\\framework\\src\\Illuminate\\Database\\Connection.php(924): call_user_func(Object(Closure))
#7 C:\\xamppold\\htdocs\\mslearn\\vendor\\laravel\\framework\\src\\Illuminate\\Database\\Connection.php(959): Illuminate\\Database\\Connection->getPdo()
#8 C:\\xamppold\\htdocs\\mslearn\\vendor\\laravel\\framework\\src\\Illuminate\\Database\\Connection.php(404): Illuminate\\Database\\Connection->getReadPdo()
#9 C:\\xamppold\\htdocs\\mslearn\\vendor\\laravel\\framework\\src\\Illuminate\\Database\\Connection.php(330): Illuminate\\Database\\Connection->getPdoForSelect(true)
#10 C:\\xamppold\\htdocs\\mslearn\\vendor\\laravel\\framework\\src\\Illuminate\\Database\\Connection.php(662): Illuminate\\Database\\Connection->Illuminate\\Database\\{closure}('select * from `...', Array)
#11 C:\\xamppold\\htdocs\\mslearn\\vendor\\laravel\\framework\\src\\Illuminate\\Database\\Connection.php(629): Illuminate\\Database\\Connection->runQueryCallback('select * from `...', Array, Object(Closure))
#12 C:\\xamppold\\htdocs\\mslearn\\vendor\\laravel\\framework\\src\\Illuminate\\Database\\Connection.php(338): Illuminate\\Database\\Connection->run('select * from `...', Array, Object(Closure))
#13 C:\\xamppold\\htdocs\\mslearn\\vendor\\laravel\\framework\\src\\Illuminate\\Database\\Query\\Builder.php(2149): Illuminate\\Database\\Connection->select('select * from `...', Array, true)
#14 C:\\xamppold\\htdocs\\mslearn\\vendor\\laravel\\framework\\src\\Illuminate\\Database\\Query\\Builder.php(2137): Illuminate\\Database\\Query\\Builder->runSelect()
#15 C:\\xamppold\\htdocs\\mslearn\\vendor\\laravel\\framework\\src\\Illuminate\\Database\\Query\\Builder.php(2609): Illuminate\\Database\\Query\\Builder->Illuminate\\Database\\Query\\{closure}()
#16 C:\\xamppold\\htdocs\\mslearn\\vendor\\laravel\\framework\\src\\Illuminate\\Database\\Query\\Builder.php(2138): Illuminate\\Database\\Query\\Builder->onceWithColumns(Array, Object(Closure))
#17 C:\\xamppold\\htdocs\\mslearn\\vendor\\laravel\\framework\\src\\Illuminate\\Database\\Concerns\\BuildsQueries.php(143): Illuminate\\Database\\Query\\Builder->get(Array)
#18 C:\\xamppold\\htdocs\\mslearn\\app\\Providers\\AppServiceProvider.php(41): Illuminate\\Database\\Query\\Builder->first()
#19 C:\\xamppold\\htdocs\\mslearn\\vendor\\laravel\\framework\\src\\Illuminate\\Container\\BoundMethod.php(36): App\\Providers\\AppServiceProvider->boot()
#20 C:\\xamppold\\htdocs\\mslearn\\vendor\\laravel\\framework\\src\\Illuminate\\Container\\Util.php(37): Illuminate\\Container\\BoundMethod::Illuminate\\Container\\{closure}()
#21 C:\\xamppold\\htdocs\\mslearn\\vendor\\laravel\\framework\\src\\Illuminate\\Container\\BoundMethod.php(93): Illuminate\\Container\\Util::unwrapIfClosure(Object(Closure))
#22 C:\\xamppold\\htdocs\\mslearn\\vendor\\laravel\\framework\\src\\Illuminate\\Container\\BoundMethod.php(37): Illuminate\\Container\\BoundMethod::callBoundMethod(Object(Illuminate\\Foundation\\Application), Array, Object(Closure))
#23 C:\\xamppold\\htdocs\\mslearn\\vendor\\laravel\\framework\\src\\Illuminate\\Container\\Container.php(590): Illuminate\\Container\\BoundMethod::call(Object(Illuminate\\Foundation\\Application), Array, Array, NULL)
#24 C:\\xamppold\\htdocs\\mslearn\\vendor\\laravel\\framework\\src\\Illuminate\\Foundation\\Application.php(856): Illuminate\\Container\\Container->call(Array)
#25 C:\\xamppold\\htdocs\\mslearn\\vendor\\laravel\\framework\\src\\Illuminate\\Foundation\\Application.php(839): Illuminate\\Foundation\\Application->bootProvider(Object(App\\Providers\\AppServiceProvider))
#26 [internal function]: Illuminate\\Foundation\\Application->Illuminate\\Foundation\\{closure}(Object(App\\Providers\\AppServiceProvider), 24)
#27 C:\\xamppold\\htdocs\\mslearn\\vendor\\laravel\\framework\\src\\Illuminate\\Foundation\\Application.php(840): array_walk(Array, Object(Closure))
#28 C:\\xamppold\\htdocs\\mslearn\\vendor\\laravel\\framework\\src\\Illuminate\\Foundation\\Bootstrap\\BootProviders.php(17): Illuminate\\Foundation\\Application->boot()
#29 C:\\xamppold\\htdocs\\mslearn\\vendor\\laravel\\framework\\src\\Illuminate\\Foundation\\Application.php(219): Illuminate\\Foundation\\Bootstrap\\BootProviders->bootstrap(Object(Illuminate\\Foundation\\Application))
#30 C:\\xamppold\\htdocs\\mslearn\\vendor\\laravel\\framework\\src\\Illuminate\\Foundation\\Console\\Kernel.php(320): Illuminate\\Foundation\\Application->bootstrapWith(Array)
#31 C:\\xamppold\\htdocs\\mslearn\\vendor\\laravel\\framework\\src\\Illuminate\\Foundation\\Console\\Kernel.php(129): Illuminate\\Foundation\\Console\\Kernel->bootstrap()
#32 C:\\xamppold\\htdocs\\mslearn\\artisan(37): Illuminate\\Foundation\\Console\\Kernel->handle(Object(Symfony\\Component\\Console\\Input\\ArgvInput), Object(Symfony\\Component\\Console\\Output\\ConsoleOutput))
#33 {main}

[previous exception] [object] (PDOException(code: 1045): SQLSTATE[HY000] [1045] Access denied for user 'mslearn_db'@'localhost' (using password: YES) at C:\\xamppold\\htdocs\\mslearn\\vendor\\doctrine\\dbal\\lib\\Doctrine\\DBAL\\Driver\\PDOConnection.php:38)
[stacktrace]
#0 C:\\xamppold\\htdocs\\mslearn\\vendor\\doctrine\\dbal\\lib\\Doctrine\\DBAL\\Driver\\PDOConnection.php(38): PDO->__construct('mysql:host=127....', 'mslearn_db', 'matinsoftech', Array)
#1 C:\\xamppold\\htdocs\\mslearn\\vendor\\laravel\\framework\\src\\Illuminate\\Database\\Connectors\\Connector.php(67): Doctrine\\DBAL\\Driver\\PDOConnection->__construct('mysql:host=127....', 'mslearn_db', 'matinsoftech', Array)
#2 C:\\xamppold\\htdocs\\mslearn\\vendor\\laravel\\framework\\src\\Illuminate\\Database\\Connectors\\Connector.php(46): Illuminate\\Database\\Connectors\\Connector->createPdoConnection('mysql:host=127....', 'mslearn_db', 'matinsoftech', Array)
#3 C:\\xamppold\\htdocs\\mslearn\\vendor\\laravel\\framework\\src\\Illuminate\\Database\\Connectors\\MySqlConnector.php(24): Illuminate\\Database\\Connectors\\Connector->createConnection('mysql:host=127....', Array, Array)
#4 C:\\xamppold\\htdocs\\mslearn\\vendor\\laravel\\framework\\src\\Illuminate\\Database\\Connectors\\ConnectionFactory.php(182): Illuminate\\Database\\Connectors\\MySqlConnector->connect(Array)
#5 [internal function]: Illuminate\\Database\\Connectors\\ConnectionFactory->Illuminate\\Database\\Connectors\\{closure}()
#6 C:\\xamppold\\htdocs\\mslearn\\vendor\\laravel\\framework\\src\\Illuminate\\Database\\Connection.php(924): call_user_func(Object(Closure))
#7 C:\\xamppold\\htdocs\\mslearn\\vendor\\laravel\\framework\\src\\Illuminate\\Database\\Connection.php(959): Illuminate\\Database\\Connection->getPdo()
#8 C:\\xamppold\\htdocs\\mslearn\\vendor\\laravel\\framework\\src\\Illuminate\\Database\\Connection.php(404): Illuminate\\Database\\Connection->getReadPdo()
#9 C:\\xamppold\\htdocs\\mslearn\\vendor\\laravel\\framework\\src\\Illuminate\\Database\\Connection.php(330): Illuminate\\Database\\Connection->getPdoForSelect(true)
#10 C:\\xamppold\\htdocs\\mslearn\\vendor\\laravel\\framework\\src\\Illuminate\\Database\\Connection.php(662): Illuminate\\Database\\Connection->Illuminate\\Database\\{closure}('select * from `...', Array)
#11 C:\\xamppold\\htdocs\\mslearn\\vendor\\laravel\\framework\\src\\Illuminate\\Database\\Connection.php(629): Illuminate\\Database\\Connection->runQueryCallback('select * from `...', Array, Object(Closure))
#12 C:\\xamppold\\htdocs\\mslearn\\vendor\\laravel\\framework\\src\\Illuminate\\Database\\Connection.php(338): Illuminate\\Database\\Connection->run('select * from `...', Array, Object(Closure))
#13 C:\\xamppold\\htdocs\\mslearn\\vendor\\laravel\\framework\\src\\Illuminate\\Database\\Query\\Builder.php(2149): Illuminate\\Database\\Connection->select('select * from `...', Array, true)
#14 C:\\xamppold\\htdocs\\mslearn\\vendor\\laravel\\framework\\src\\Illuminate\\Database\\Query\\Builder.php(2137): Illuminate\\Database\\Query\\Builder->runSelect()
#15 C:\\xamppold\\htdocs\\mslearn\\vendor\\laravel\\framework\\src\\Illuminate\\Database\\Query\\Builder.php(2609): Illuminate\\Database\\Query\\Builder->Illuminate\\Database\\Query\\{closure}()
#16 C:\\xamppold\\htdocs\\mslearn\\vendor\\laravel\\framework\\src\\Illuminate\\Database\\Query\\Builder.php(2138): Illuminate\\Database\\Query\\Builder->onceWithColumns(Array, Object(Closure))
#17 C:\\xamppold\\htdocs\\mslearn\\vendor\\laravel\\framework\\src\\Illuminate\\Database\\Concerns\\BuildsQueries.php(143): Illuminate\\Database\\Query\\Builder->get(Array)
#18 C:\\xamppold\\htdocs\\mslearn\\app\\Providers\\AppServiceProvider.php(41): Illuminate\\Database\\Query\\Builder->first()
#19 C:\\xamppold\\htdocs\\mslearn\\vendor\\laravel\\framework\\src\\Illuminate\\Container\\BoundMethod.php(36): App\\Providers\\AppServiceProvider->boot()
#20 C:\\xamppold\\htdocs\\mslearn\\vendor\\laravel\\framework\\src\\Illuminate\\Container\\Util.php(37): Illuminate\\Container\\BoundMethod::Illuminate\\Container\\{closure}()
#21 C:\\xamppold\\htdocs\\mslearn\\vendor\\laravel\\framework\\src\\Illuminate\\Container\\BoundMethod.php(93): Illuminate\\Container\\Util::unwrapIfClosure(Object(Closure))
#22 C:\\xamppold\\htdocs\\mslearn\\vendor\\laravel\\framework\\src\\Illuminate\\Container\\BoundMethod.php(37): Illuminate\\Container\\BoundMethod::callBoundMethod(Object(Illuminate\\Foundation\\Application), Array, Object(Closure))
#23 C:\\xamppold\\htdocs\\mslearn\\vendor\\laravel\\framework\\src\\Illuminate\\Container\\Container.php(590): Illuminate\\Container\\BoundMethod::call(Object(Illuminate\\Foundation\\Application), Array, Array, NULL)
#24 C:\\xamppold\\htdocs\\mslearn\\vendor\\laravel\\framework\\src\\Illuminate\\Foundation\\Application.php(856): Illuminate\\Container\\Container->call(Array)
#25 C:\\xamppold\\htdocs\\mslearn\\vendor\\laravel\\framework\\src\\Illuminate\\Foundation\\Application.php(839): Illuminate\\Foundation\\Application->bootProvider(Object(App\\Providers\\AppServiceProvider))
#26 [internal function]: Illuminate\\Foundation\\Application->Illuminate\\Foundation\\{closure}(Object(App\\Providers\\AppServiceProvider), 24)
#27 C:\\xamppold\\htdocs\\mslearn\\vendor\\laravel\\framework\\src\\Illuminate\\Foundation\\Application.php(840): array_walk(Array, Object(Closure))
#28 C:\\xamppold\\htdocs\\mslearn\\vendor\\laravel\\framework\\src\\Illuminate\\Foundation\\Bootstrap\\BootProviders.php(17): Illuminate\\Foundation\\Application->boot()
#29 C:\\xamppold\\htdocs\\mslearn\\vendor\\laravel\\framework\\src\\Illuminate\\Foundation\\Application.php(219): Illuminate\\Foundation\\Bootstrap\\BootProviders->bootstrap(Object(Illuminate\\Foundation\\Application))
#30 C:\\xamppold\\htdocs\\mslearn\\vendor\\laravel\\framework\\src\\Illuminate\\Foundation\\Console\\Kernel.php(320): Illuminate\\Foundation\\Application->bootstrapWith(Array)
#31 C:\\xamppold\\htdocs\\mslearn\\vendor\\laravel\\framework\\src\\Illuminate\\Foundation\\Console\\Kernel.php(129): Illuminate\\Foundation\\Console\\Kernel->bootstrap()
#32 C:\\xamppold\\htdocs\\mslearn\\artisan(37): Illuminate\\Foundation\\Console\\Kernel->handle(Object(Symfony\\Component\\Console\\Input\\ArgvInput), Object(Symfony\\Component\\Console\\Output\\ConsoleOutput))
#33 {main}
"} 
[2022-05-24 16:54:00] local.ERROR: SQLSTATE[42S02]: Base table or view not found: 1146 Table 'mslearn.general_settings' doesn't exist (SQL: select * from `general_settings` order by `created_at` desc limit 1) {"exception":"[object] (Illuminate\\Database\\QueryException(code: 42S02): SQLSTATE[42S02]: Base table or view not found: 1146 Table 'mslearn.general_settings' doesn't exist (SQL: select * from `general_settings` order by `created_at` desc limit 1) at C:\\xamppold\\htdocs\\mslearn\\vendor\\laravel\\framework\\src\\Illuminate\\Database\\Connection.php:669)
[stacktrace]
#0 C:\\xamppold\\htdocs\\mslearn\\vendor\\laravel\\framework\\src\\Illuminate\\Database\\Connection.php(629): Illuminate\\Database\\Connection->runQueryCallback('select * from `...', Array, Object(Closure))
#1 C:\\xamppold\\htdocs\\mslearn\\vendor\\laravel\\framework\\src\\Illuminate\\Database\\Connection.php(338): Illuminate\\Database\\Connection->run('select * from `...', Array, Object(Closure))
#2 C:\\xamppold\\htdocs\\mslearn\\vendor\\laravel\\framework\\src\\Illuminate\\Database\\Query\\Builder.php(2149): Illuminate\\Database\\Connection->select('select * from `...', Array, true)
#3 C:\\xamppold\\htdocs\\mslearn\\vendor\\laravel\\framework\\src\\Illuminate\\Database\\Query\\Builder.php(2137): Illuminate\\Database\\Query\\Builder->runSelect()
#4 C:\\xamppold\\htdocs\\mslearn\\vendor\\laravel\\framework\\src\\Illuminate\\Database\\Query\\Builder.php(2609): Illuminate\\Database\\Query\\Builder->Illuminate\\Database\\Query\\{closure}()
#5 C:\\xamppold\\htdocs\\mslearn\\vendor\\laravel\\framework\\src\\Illuminate\\Database\\Query\\Builder.php(2138): Illuminate\\Database\\Query\\Builder->onceWithColumns(Array, Object(Closure))
#6 C:\\xamppold\\htdocs\\mslearn\\vendor\\laravel\\framework\\src\\Illuminate\\Database\\Concerns\\BuildsQueries.php(143): Illuminate\\Database\\Query\\Builder->get(Array)
#7 C:\\xamppold\\htdocs\\mslearn\\app\\Providers\\AppServiceProvider.php(41): Illuminate\\Database\\Query\\Builder->first()
#8 C:\\xamppold\\htdocs\\mslearn\\vendor\\laravel\\framework\\src\\Illuminate\\Container\\BoundMethod.php(36): App\\Providers\\AppServiceProvider->boot()
#9 C:\\xamppold\\htdocs\\mslearn\\vendor\\laravel\\framework\\src\\Illuminate\\Container\\Util.php(37): Illuminate\\Container\\BoundMethod::Illuminate\\Container\\{closure}()
#10 C:\\xamppold\\htdocs\\mslearn\\vendor\\laravel\\framework\\src\\Illuminate\\Container\\BoundMethod.php(93): Illuminate\\Container\\Util::unwrapIfClosure(Object(Closure))
#11 C:\\xamppold\\htdocs\\mslearn\\vendor\\laravel\\framework\\src\\Illuminate\\Container\\BoundMethod.php(37): Illuminate\\Container\\BoundMethod::callBoundMethod(Object(Illuminate\\Foundation\\Application), Array, Object(Closure))
#12 C:\\xamppold\\htdocs\\mslearn\\vendor\\laravel\\framework\\src\\Illuminate\\Container\\Container.php(590): Illuminate\\Container\\BoundMethod::call(Object(Illuminate\\Foundation\\Application), Array, Array, NULL)
#13 C:\\xamppold\\htdocs\\mslearn\\vendor\\laravel\\framework\\src\\Illuminate\\Foundation\\Application.php(856): Illuminate\\Container\\Container->call(Array)
#14 C:\\xamppold\\htdocs\\mslearn\\vendor\\laravel\\framework\\src\\Illuminate\\Foundation\\Application.php(839): Illuminate\\Foundation\\Application->bootProvider(Object(App\\Providers\\AppServiceProvider))
#15 [internal function]: Illuminate\\Foundation\\Application->Illuminate\\Foundation\\{closure}(Object(App\\Providers\\AppServiceProvider), 24)
#16 C:\\xamppold\\htdocs\\mslearn\\vendor\\laravel\\framework\\src\\Illuminate\\Foundation\\Application.php(840): array_walk(Array, Object(Closure))
#17 C:\\xamppold\\htdocs\\mslearn\\vendor\\laravel\\framework\\src\\Illuminate\\Foundation\\Bootstrap\\BootProviders.php(17): Illuminate\\Foundation\\Application->boot()
#18 C:\\xamppold\\htdocs\\mslearn\\vendor\\laravel\\framework\\src\\Illuminate\\Foundation\\Application.php(219): Illuminate\\Foundation\\Bootstrap\\BootProviders->bootstrap(Object(Illuminate\\Foundation\\Application))
#19 C:\\xamppold\\htdocs\\mslearn\\vendor\\laravel\\framework\\src\\Illuminate\\Foundation\\Console\\Kernel.php(320): Illuminate\\Foundation\\Application->bootstrapWith(Array)
#20 C:\\xamppold\\htdocs\\mslearn\\vendor\\laravel\\framework\\src\\Illuminate\\Foundation\\Console\\Kernel.php(129): Illuminate\\Foundation\\Console\\Kernel->bootstrap()
#21 C:\\xamppold\\htdocs\\mslearn\\artisan(37): Illuminate\\Foundation\\Console\\Kernel->handle(Object(Symfony\\Component\\Console\\Input\\ArgvInput), Object(Symfony\\Component\\Console\\Output\\ConsoleOutput))
#22 {main}

[previous exception] [object] (Doctrine\\DBAL\\Driver\\PDO\\Exception(code: 42S02): SQLSTATE[42S02]: Base table or view not found: 1146 Table 'mslearn.general_settings' doesn't exist at C:\\xamppold\\htdocs\\mslearn\\vendor\\doctrine\\dbal\\lib\\Doctrine\\DBAL\\Driver\\PDO\\Exception.php:18)
[stacktrace]
#0 C:\\xamppold\\htdocs\\mslearn\\vendor\\doctrine\\dbal\\lib\\Doctrine\\DBAL\\Driver\\PDOConnection.php(83): Doctrine\\DBAL\\Driver\\PDO\\Exception::new(Object(PDOException))
#1 C:\\xamppold\\htdocs\\mslearn\\vendor\\laravel\\framework\\src\\Illuminate\\Database\\Connection.php(331): Doctrine\\DBAL\\Driver\\PDOConnection->prepare('select * from `...')
#2 C:\\xamppold\\htdocs\\mslearn\\vendor\\laravel\\framework\\src\\Illuminate\\Database\\Connection.php(662): Illuminate\\Database\\Connection->Illuminate\\Database\\{closure}('select * from `...', Array)
#3 C:\\xamppold\\htdocs\\mslearn\\vendor\\laravel\\framework\\src\\Illuminate\\Database\\Connection.php(629): Illuminate\\Database\\Connection->runQueryCallback('select * from `...', Array, Object(Closure))
#4 C:\\xamppold\\htdocs\\mslearn\\vendor\\laravel\\framework\\src\\Illuminate\\Database\\Connection.php(338): Illuminate\\Database\\Connection->run('select * from `...', Array, Object(Closure))
#5 C:\\xamppold\\htdocs\\mslearn\\vendor\\laravel\\framework\\src\\Illuminate\\Database\\Query\\Builder.php(2149): Illuminate\\Database\\Connection->select('select * from `...', Array, true)
#6 C:\\xamppold\\htdocs\\mslearn\\vendor\\laravel\\framework\\src\\Illuminate\\Database\\Query\\Builder.php(2137): Illuminate\\Database\\Query\\Builder->runSelect()
#7 C:\\xamppold\\htdocs\\mslearn\\vendor\\laravel\\framework\\src\\Illuminate\\Database\\Query\\Builder.php(2609): Illuminate\\Database\\Query\\Builder->Illuminate\\Database\\Query\\{closure}()
#8 C:\\xamppold\\htdocs\\mslearn\\vendor\\laravel\\framework\\src\\Illuminate\\Database\\Query\\Builder.php(2138): Illuminate\\Database\\Query\\Builder->onceWithColumns(Array, Object(Closure))
#9 C:\\xamppold\\htdocs\\mslearn\\vendor\\laravel\\framework\\src\\Illuminate\\Database\\Concerns\\BuildsQueries.php(143): Illuminate\\Database\\Query\\Builder->get(Array)
#10 C:\\xamppold\\htdocs\\mslearn\\app\\Providers\\AppServiceProvider.php(41): Illuminate\\Database\\Query\\Builder->first()
#11 C:\\xamppold\\htdocs\\mslearn\\vendor\\laravel\\framework\\src\\Illuminate\\Container\\BoundMethod.php(36): App\\Providers\\AppServiceProvider->boot()
#12 C:\\xamppold\\htdocs\\mslearn\\vendor\\laravel\\framework\\src\\Illuminate\\Container\\Util.php(37): Illuminate\\Container\\BoundMethod::Illuminate\\Container\\{closure}()
#13 C:\\xamppold\\htdocs\\mslearn\\vendor\\laravel\\framework\\src\\Illuminate\\Container\\BoundMethod.php(93): Illuminate\\Container\\Util::unwrapIfClosure(Object(Closure))
#14 C:\\xamppold\\htdocs\\mslearn\\vendor\\laravel\\framework\\src\\Illuminate\\Container\\BoundMethod.php(37): Illuminate\\Container\\BoundMethod::callBoundMethod(Object(Illuminate\\Foundation\\Application), Array, Object(Closure))
#15 C:\\xamppold\\htdocs\\mslearn\\vendor\\laravel\\framework\\src\\Illuminate\\Container\\Container.php(590): Illuminate\\Container\\BoundMethod::call(Object(Illuminate\\Foundation\\Application), Array, Array, NULL)
#16 C:\\xamppold\\htdocs\\mslearn\\vendor\\laravel\\framework\\src\\Illuminate\\Foundation\\Application.php(856): Illuminate\\Container\\Container->call(Array)
#17 C:\\xamppold\\htdocs\\mslearn\\vendor\\laravel\\framework\\src\\Illuminate\\Foundation\\Application.php(839): Illuminate\\Foundation\\Application->bootProvider(Object(App\\Providers\\AppServiceProvider))
#18 [internal function]: Illuminate\\Foundation\\Application->Illuminate\\Foundation\\{closure}(Object(App\\Providers\\AppServiceProvider), 24)
#19 C:\\xamppold\\htdocs\\mslearn\\vendor\\laravel\\framework\\src\\Illuminate\\Foundation\\Application.php(840): array_walk(Array, Object(Closure))
#20 C:\\xamppold\\htdocs\\mslearn\\vendor\\laravel\\framework\\src\\Illuminate\\Foundation\\Bootstrap\\BootProviders.php(17): Illuminate\\Foundation\\Application->boot()
#21 C:\\xamppold\\htdocs\\mslearn\\vendor\\laravel\\framework\\src\\Illuminate\\Foundation\\Application.php(219): Illuminate\\Foundation\\Bootstrap\\BootProviders->bootstrap(Object(Illuminate\\Foundation\\Application))
#22 C:\\xamppold\\htdocs\\mslearn\\vendor\\laravel\\framework\\src\\Illuminate\\Foundation\\Console\\Kernel.php(320): Illuminate\\Foundation\\Application->bootstrapWith(Array)
#23 C:\\xamppold\\htdocs\\mslearn\\vendor\\laravel\\framework\\src\\Illuminate\\Foundation\\Console\\Kernel.php(129): Illuminate\\Foundation\\Console\\Kernel->bootstrap()
#24 C:\\xamppold\\htdocs\\mslearn\\artisan(37): Illuminate\\Foundation\\Console\\Kernel->handle(Object(Symfony\\Component\\Console\\Input\\ArgvInput), Object(Symfony\\Component\\Console\\Output\\ConsoleOutput))
#25 {main}

[previous exception] [object] (PDOException(code: 42S02): SQLSTATE[42S02]: Base table or view not found: 1146 Table 'mslearn.general_settings' doesn't exist at C:\\xamppold\\htdocs\\mslearn\\vendor\\doctrine\\dbal\\lib\\Doctrine\\DBAL\\Driver\\PDOConnection.php:78)
[stacktrace]
#0 C:\\xamppold\\htdocs\\mslearn\\vendor\\doctrine\\dbal\\lib\\Doctrine\\DBAL\\Driver\\PDOConnection.php(78): PDO->prepare('select * from `...', Array)
#1 C:\\xamppold\\htdocs\\mslearn\\vendor\\laravel\\framework\\src\\Illuminate\\Database\\Connection.php(331): Doctrine\\DBAL\\Driver\\PDOConnection->prepare('select * from `...')
#2 C:\\xamppold\\htdocs\\mslearn\\vendor\\laravel\\framework\\src\\Illuminate\\Database\\Connection.php(662): Illuminate\\Database\\Connection->Illuminate\\Database\\{closure}('select * from `...', Array)
#3 C:\\xamppold\\htdocs\\mslearn\\vendor\\laravel\\framework\\src\\Illuminate\\Database\\Connection.php(629): Illuminate\\Database\\Connection->runQueryCallback('select * from `...', Array, Object(Closure))
#4 C:\\xamppold\\htdocs\\mslearn\\vendor\\laravel\\framework\\src\\Illuminate\\Database\\Connection.php(338): Illuminate\\Database\\Connection->run('select * from `...', Array, Object(Closure))
#5 C:\\xamppold\\htdocs\\mslearn\\vendor\\laravel\\framework\\src\\Illuminate\\Database\\Query\\Builder.php(2149): Illuminate\\Database\\Connection->select('select * from `...', Array, true)
#6 C:\\xamppold\\htdocs\\mslearn\\vendor\\laravel\\framework\\src\\Illuminate\\Database\\Query\\Builder.php(2137): Illuminate\\Database\\Query\\Builder->runSelect()
#7 C:\\xamppold\\htdocs\\mslearn\\vendor\\laravel\\framework\\src\\Illuminate\\Database\\Query\\Builder.php(2609): Illuminate\\Database\\Query\\Builder->Illuminate\\Database\\Query\\{closure}()
#8 C:\\xamppold\\htdocs\\mslearn\\vendor\\laravel\\framework\\src\\Illuminate\\Database\\Query\\Builder.php(2138): Illuminate\\Database\\Query\\Builder->onceWithColumns(Array, Object(Closure))
#9 C:\\xamppold\\htdocs\\mslearn\\vendor\\laravel\\framework\\src\\Illuminate\\Database\\Concerns\\BuildsQueries.php(143): Illuminate\\Database\\Query\\Builder->get(Array)
#10 C:\\xamppold\\htdocs\\mslearn\\app\\Providers\\AppServiceProvider.php(41): Illuminate\\Database\\Query\\Builder->first()
#11 C:\\xamppold\\htdocs\\mslearn\\vendor\\laravel\\framework\\src\\Illuminate\\Container\\BoundMethod.php(36): App\\Providers\\AppServiceProvider->boot()
#12 C:\\xamppold\\htdocs\\mslearn\\vendor\\laravel\\framework\\src\\Illuminate\\Container\\Util.php(37): Illuminate\\Container\\BoundMethod::Illuminate\\Container\\{closure}()
#13 C:\\xamppold\\htdocs\\mslearn\\vendor\\laravel\\framework\\src\\Illuminate\\Container\\BoundMethod.php(93): Illuminate\\Container\\Util::unwrapIfClosure(Object(Closure))
#14 C:\\xamppold\\htdocs\\mslearn\\vendor\\laravel\\framework\\src\\Illuminate\\Container\\BoundMethod.php(37): Illuminate\\Container\\BoundMethod::callBoundMethod(Object(Illuminate\\Foundation\\Application), Array, Object(Closure))
#15 C:\\xamppold\\htdocs\\mslearn\\vendor\\laravel\\framework\\src\\Illuminate\\Container\\Container.php(590): Illuminate\\Container\\BoundMethod::call(Object(Illuminate\\Foundation\\Application), Array, Array, NULL)
#16 C:\\xamppold\\htdocs\\mslearn\\vendor\\laravel\\framework\\src\\Illuminate\\Foundation\\Application.php(856): Illuminate\\Container\\Container->call(Array)
#17 C:\\xamppold\\htdocs\\mslearn\\vendor\\laravel\\framework\\src\\Illuminate\\Foundation\\Application.php(839): Illuminate\\Foundation\\Application->bootProvider(Object(App\\Providers\\AppServiceProvider))
#18 [internal function]: Illuminate\\Foundation\\Application->Illuminate\\Foundation\\{closure}(Object(App\\Providers\\AppServiceProvider), 24)
#19 C:\\xamppold\\htdocs\\mslearn\\vendor\\laravel\\framework\\src\\Illuminate\\Foundation\\Application.php(840): array_walk(Array, Object(Closure))
#20 C:\\xamppold\\htdocs\\mslearn\\vendor\\laravel\\framework\\src\\Illuminate\\Foundation\\Bootstrap\\BootProviders.php(17): Illuminate\\Foundation\\Application->boot()
#21 C:\\xamppold\\htdocs\\mslearn\\vendor\\laravel\\framework\\src\\Illuminate\\Foundation\\Application.php(219): Illuminate\\Foundation\\Bootstrap\\BootProviders->bootstrap(Object(Illuminate\\Foundation\\Application))
#22 C:\\xamppold\\htdocs\\mslearn\\vendor\\laravel\\framework\\src\\Illuminate\\Foundation\\Console\\Kernel.php(320): Illuminate\\Foundation\\Application->bootstrapWith(Array)
#23 C:\\xamppold\\htdocs\\mslearn\\vendor\\laravel\\framework\\src\\Illuminate\\Foundation\\Console\\Kernel.php(129): Illuminate\\Foundation\\Console\\Kernel->bootstrap()
#24 C:\\xamppold\\htdocs\\mslearn\\artisan(37): Illuminate\\Foundation\\Console\\Kernel->handle(Object(Symfony\\Component\\Console\\Input\\ArgvInput), Object(Symfony\\Component\\Console\\Output\\ConsoleOutput))
#25 {main}
"} 
[2022-05-24 16:55:08] local.ERROR: Method Illuminate\Routing\Route::group does not exist. {"exception":"[object] (BadMethodCallException(code: 0): Method Illuminate\\Routing\\Route::group does not exist. at C:\\xamppold\\htdocs\\mslearn\\vendor\\laravel\\framework\\src\\Illuminate\\Support\\Traits\\Macroable.php:77)
[stacktrace]
#0 C:\\xamppold\\htdocs\\mslearn\outes\\web.php(20): Illuminate\\Routing\\Route::__callStatic('group', Array)
#1 C:\\xamppold\\htdocs\\mslearn\\vendor\\laravel\\framework\\src\\Illuminate\\Routing\\RouteFileRegistrar.php(35): require('C:\\\\xamppold\\\\htd...')
#2 C:\\xamppold\\htdocs\\mslearn\\vendor\\laravel\\framework\\src\\Illuminate\\Routing\\Router.php(416): Illuminate\\Routing\\RouteFileRegistrar->register('C:\\\\xamppold\\\\htd...')
#3 C:\\xamppold\\htdocs\\mslearn\\vendor\\laravel\\framework\\src\\Illuminate\\Routing\\Router.php(374): Illuminate\\Routing\\Router->loadRoutes('C:\\\\xamppold\\\\htd...')
#4 C:\\xamppold\\htdocs\\mslearn\\vendor\\laravel\\framework\\src\\Illuminate\\Routing\\RouteRegistrar.php(122): Illuminate\\Routing\\Router->group(Array, 'C:\\\\xamppold\\\\htd...')
#5 C:\\xamppold\\htdocs\\mslearn\\app\\Providers\\RouteServiceProvider.php(56): Illuminate\\Routing\\RouteRegistrar->group('C:\\\\xamppold\\\\htd...')
#6 C:\\xamppold\\htdocs\\mslearn\\app\\Providers\\RouteServiceProvider.php(40): App\\Providers\\RouteServiceProvider->mapWebRoutes()
#7 C:\\xamppold\\htdocs\\mslearn\\vendor\\laravel\\framework\\src\\Illuminate\\Container\\BoundMethod.php(36): App\\Providers\\RouteServiceProvider->map()
#8 C:\\xamppold\\htdocs\\mslearn\\vendor\\laravel\\framework\\src\\Illuminate\\Container\\Util.php(37): Illuminate\\Container\\BoundMethod::Illuminate\\Container\\{closure}()
#9 C:\\xamppold\\htdocs\\mslearn\\vendor\\laravel\\framework\\src\\Illuminate\\Container\\BoundMethod.php(93): Illuminate\\Container\\Util::unwrapIfClosure(Object(Closure))
#10 C:\\xamppold\\htdocs\\mslearn\\vendor\\laravel\\framework\\src\\Illuminate\\Container\\BoundMethod.php(37): Illuminate\\Container\\BoundMethod::callBoundMethod(Object(Illuminate\\Foundation\\Application), Array, Object(Closure))
#11 C:\\xamppold\\htdocs\\mslearn\\vendor\\laravel\\framework\\src\\Illuminate\\Container\\Container.php(590): Illuminate\\Container\\BoundMethod::call(Object(Illuminate\\Foundation\\Application), Array, Array, NULL)
#12 C:\\xamppold\\htdocs\\mslearn\\vendor\\laravel\\framework\\src\\Illuminate\\Foundation\\Support\\Providers\\RouteServiceProvider.php(87): Illuminate\\Container\\Container->call(Array)
#13 C:\\xamppold\\htdocs\\mslearn\\vendor\\laravel\\framework\\src\\Illuminate\\Foundation\\Support\\Providers\\RouteServiceProvider.php(36): Illuminate\\Foundation\\Support\\Providers\\RouteServiceProvider->loadRoutes()
#14 C:\\xamppold\\htdocs\\mslearn\\app\\Providers\\RouteServiceProvider.php(28): Illuminate\\Foundation\\Support\\Providers\\RouteServiceProvider->boot()
#15 C:\\xamppold\\htdocs\\mslearn\\vendor\\laravel\\framework\\src\\Illuminate\\Container\\BoundMethod.php(36): App\\Providers\\RouteServiceProvider->boot()
#16 C:\\xamppold\\htdocs\\mslearn\\vendor\\laravel\\framework\\src\\Illuminate\\Container\\Util.php(37): Illuminate\\Container\\BoundMethod::Illuminate\\Container\\{closure}()
#17 C:\\xamppold\\htdocs\\mslearn\\vendor\\laravel\\framework\\src\\Illuminate\\Container\\BoundMethod.php(93): Illuminate\\Container\\Util::unwrapIfClosure(Object(Closure))
#18 C:\\xamppold\\htdocs\\mslearn\\vendor\\laravel\\framework\\src\\Illuminate\\Container\\BoundMethod.php(37): Illuminate\\Container\\BoundMethod::callBoundMethod(Object(Illuminate\\Foundation\\Application), Array, Object(Closure))
#19 C:\\xamppold\\htdocs\\mslearn\\vendor\\laravel\\framework\\src\\Illuminate\\Container\\Container.php(590): Illuminate\\Container\\BoundMethod::call(Object(Illuminate\\Foundation\\Application), Array, Array, NULL)
#20 C:\\xamppold\\htdocs\\mslearn\\vendor\\laravel\\framework\\src\\Illuminate\\Foundation\\Application.php(856): Illuminate\\Container\\Container->call(Array)
#21 C:\\xamppold\\htdocs\\mslearn\\vendor\\laravel\\framework\\src\\Illuminate\\Foundation\\Application.php(839): Illuminate\\Foundation\\Application->bootProvider(Object(App\\Providers\\RouteServiceProvider))
#22 [internal function]: Illuminate\\Foundation\\Application->Illuminate\\Foundation\\{closure}(Object(App\\Providers\\RouteServiceProvider), 27)
#23 C:\\xamppold\\htdocs\\mslearn\\vendor\\laravel\\framework\\src\\Illuminate\\Foundation\\Application.php(840): array_walk(Array, Object(Closure))
#24 C:\\xamppold\\htdocs\\mslearn\\vendor\\laravel\\framework\\src\\Illuminate\\Foundation\\Bootstrap\\BootProviders.php(17): Illuminate\\Foundation\\Application->boot()
#25 C:\\xamppold\\htdocs\\mslearn\\vendor\\laravel\\framework\\src\\Illuminate\\Foundation\\Application.php(219): Illuminate\\Foundation\\Bootstrap\\BootProviders->bootstrap(Object(Illuminate\\Foundation\\Application))
#26 C:\\xamppold\\htdocs\\mslearn\\vendor\\laravel\\framework\\src\\Illuminate\\Foundation\\Console\\Kernel.php(320): Illuminate\\Foundation\\Application->bootstrapWith(Array)
#27 C:\\xamppold\\htdocs\\mslearn\\vendor\\laravel\\framework\\src\\Illuminate\\Foundation\\Console\\Kernel.php(129): Illuminate\\Foundation\\Console\\Kernel->bootstrap()
#28 C:\\xamppold\\htdocs\\mslearn\\artisan(37): Illuminate\\Foundation\\Console\\Kernel->handle(Object(Symfony\\Component\\Console\\Input\\ArgvInput), Object(Symfony\\Component\\Console\\Output\\ConsoleOutput))
#29 {main}
"} 
[2022-05-24 16:56:06] local.ERROR: Method Illuminate\Routing\Route::group does not exist. {"exception":"[object] (BadMethodCallException(code: 0): Method Illuminate\\Routing\\Route::group does not exist. at C:\\xamppold\\htdocs\\mslearn\\vendor\\laravel\\framework\\src\\Illuminate\\Support\\Traits\\Macroable.php:77)
[stacktrace]
#0 C:\\xamppold\\htdocs\\mslearn\outes\\web.php(20): Illuminate\\Routing\\Route::__callStatic('group', Array)
#1 C:\\xamppold\\htdocs\\mslearn\\vendor\\laravel\\framework\\src\\Illuminate\\Routing\\RouteFileRegistrar.php(35): require('C:\\\\xamppold\\\\htd...')
#2 C:\\xamppold\\htdocs\\mslearn\\vendor\\laravel\\framework\\src\\Illuminate\\Routing\\Router.php(416): Illuminate\\Routing\\RouteFileRegistrar->register('C:\\\\xamppold\\\\htd...')
#3 C:\\xamppold\\htdocs\\mslearn\\vendor\\laravel\\framework\\src\\Illuminate\\Routing\\Router.php(374): Illuminate\\Routing\\Router->loadRoutes('C:\\\\xamppold\\\\htd...')
#4 C:\\xamppold\\htdocs\\mslearn\\vendor\\laravel\\framework\\src\\Illuminate\\Routing\\RouteRegistrar.php(122): Illuminate\\Routing\\Router->group(Array, 'C:\\\\xamppold\\\\htd...')
#5 C:\\xamppold\\htdocs\\mslearn\\app\\Providers\\RouteServiceProvider.php(56): Illuminate\\Routing\\RouteRegistrar->group('C:\\\\xamppold\\\\htd...')
#6 C:\\xamppold\\htdocs\\mslearn\\app\\Providers\\RouteServiceProvider.php(40): App\\Providers\\RouteServiceProvider->mapWebRoutes()
#7 C:\\xamppold\\htdocs\\mslearn\\vendor\\laravel\\framework\\src\\Illuminate\\Container\\BoundMethod.php(36): App\\Providers\\RouteServiceProvider->map()
#8 C:\\xamppold\\htdocs\\mslearn\\vendor\\laravel\\framework\\src\\Illuminate\\Container\\Util.php(37): Illuminate\\Container\\BoundMethod::Illuminate\\Container\\{closure}()
#9 C:\\xamppold\\htdocs\\mslearn\\vendor\\laravel\\framework\\src\\Illuminate\\Container\\BoundMethod.php(93): Illuminate\\Container\\Util::unwrapIfClosure(Object(Closure))
#10 C:\\xamppold\\htdocs\\mslearn\\vendor\\laravel\\framework\\src\\Illuminate\\Container\\BoundMethod.php(37): Illuminate\\Container\\BoundMethod::callBoundMethod(Object(Illuminate\\Foundation\\Application), Array, Object(Closure))
#11 C:\\xamppold\\htdocs\\mslearn\\vendor\\laravel\\framework\\src\\Illuminate\\Container\\Container.php(590): Illuminate\\Container\\BoundMethod::call(Object(Illuminate\\Foundation\\Application), Array, Array, NULL)
#12 C:\\xamppold\\htdocs\\mslearn\\vendor\\laravel\\framework\\src\\Illuminate\\Foundation\\Support\\Providers\\RouteServiceProvider.php(87): Illuminate\\Container\\Container->call(Array)
#13 C:\\xamppold\\htdocs\\mslearn\\vendor\\laravel\\framework\\src\\Illuminate\\Foundation\\Support\\Providers\\RouteServiceProvider.php(36): Illuminate\\Foundation\\Support\\Providers\\RouteServiceProvider->loadRoutes()
#14 C:\\xamppold\\htdocs\\mslearn\\app\\Providers\\RouteServiceProvider.php(28): Illuminate\\Foundation\\Support\\Providers\\RouteServiceProvider->boot()
#15 C:\\xamppold\\htdocs\\mslearn\\vendor\\laravel\\framework\\src\\Illuminate\\Container\\BoundMethod.php(36): App\\Providers\\RouteServiceProvider->boot()
#16 C:\\xamppold\\htdocs\\mslearn\\vendor\\laravel\\framework\\src\\Illuminate\\Container\\Util.php(37): Illuminate\\Container\\BoundMethod::Illuminate\\Container\\{closure}()
#17 C:\\xamppold\\htdocs\\mslearn\\vendor\\laravel\\framework\\src\\Illuminate\\Container\\BoundMethod.php(93): Illuminate\\Container\\Util::unwrapIfClosure(Object(Closure))
#18 C:\\xamppold\\htdocs\\mslearn\\vendor\\laravel\\framework\\src\\Illuminate\\Container\\BoundMethod.php(37): Illuminate\\Container\\BoundMethod::callBoundMethod(Object(Illuminate\\Foundation\\Application), Array, Object(Closure))
#19 C:\\xamppold\\htdocs\\mslearn\\vendor\\laravel\\framework\\src\\Illuminate\\Container\\Container.php(590): Illuminate\\Container\\BoundMethod::call(Object(Illuminate\\Foundation\\Application), Array, Array, NULL)
#20 C:\\xamppold\\htdocs\\mslearn\\vendor\\laravel\\framework\\src\\Illuminate\\Foundation\\Application.php(856): Illuminate\\Container\\Container->call(Array)
#21 C:\\xamppold\\htdocs\\mslearn\\vendor\\laravel\\framework\\src\\Illuminate\\Foundation\\Application.php(839): Illuminate\\Foundation\\Application->bootProvider(Object(App\\Providers\\RouteServiceProvider))
#22 [internal function]: Illuminate\\Foundation\\Application->Illuminate\\Foundation\\{closure}(Object(App\\Providers\\RouteServiceProvider), 27)
#23 C:\\xamppold\\htdocs\\mslearn\\vendor\\laravel\\framework\\src\\Illuminate\\Foundation\\Application.php(840): array_walk(Array, Object(Closure))
#24 C:\\xamppold\\htdocs\\mslearn\\vendor\\laravel\\framework\\src\\Illuminate\\Foundation\\Bootstrap\\BootProviders.php(17): Illuminate\\Foundation\\Application->boot()
#25 C:\\xamppold\\htdocs\\mslearn\\vendor\\laravel\\framework\\src\\Illuminate\\Foundation\\Application.php(219): Illuminate\\Foundation\\Bootstrap\\BootProviders->bootstrap(Object(Illuminate\\Foundation\\Application))
#26 C:\\xamppold\\htdocs\\mslearn\\vendor\\laravel\\framework\\src\\Illuminate\\Foundation\\Console\\Kernel.php(320): Illuminate\\Foundation\\Application->bootstrapWith(Array)
#27 C:\\xamppold\\htdocs\\mslearn\\vendor\\laravel\\framework\\src\\Illuminate\\Foundation\\Console\\Kernel.php(129): Illuminate\\Foundation\\Console\\Kernel->bootstrap()
#28 C:\\xamppold\\htdocs\\mslearn\\artisan(37): Illuminate\\Foundation\\Console\\Kernel->handle(Object(Symfony\\Component\\Console\\Input\\ArgvInput), Object(Symfony\\Component\\Console\\Output\\ConsoleOutput))
#29 {main}
"} 
[2022-05-24 16:56:31] local.ERROR: Method Illuminate\Routing\Route::group does not exist. {"exception":"[object] (BadMethodCallException(code: 0): Method Illuminate\\Routing\\Route::group does not exist. at C:\\xamppold\\htdocs\\mslearn\\vendor\\laravel\\framework\\src\\Illuminate\\Support\\Traits\\Macroable.php:77)
[stacktrace]
#0 C:\\xamppold\\htdocs\\mslearn\outes\\web.php(20): Illuminate\\Routing\\Route::__callStatic('group', Array)
#1 C:\\xamppold\\htdocs\\mslearn\\vendor\\laravel\\framework\\src\\Illuminate\\Routing\\RouteFileRegistrar.php(35): require('C:\\\\xamppold\\\\htd...')
#2 C:\\xamppold\\htdocs\\mslearn\\vendor\\laravel\\framework\\src\\Illuminate\\Routing\\Router.php(416): Illuminate\\Routing\\RouteFileRegistrar->register('C:\\\\xamppold\\\\htd...')
#3 C:\\xamppold\\htdocs\\mslearn\\vendor\\laravel\\framework\\src\\Illuminate\\Routing\\Router.php(374): Illuminate\\Routing\\Router->loadRoutes('C:\\\\xamppold\\\\htd...')
#4 C:\\xamppold\\htdocs\\mslearn\\vendor\\laravel\\framework\\src\\Illuminate\\Routing\\RouteRegistrar.php(122): Illuminate\\Routing\\Router->group(Array, 'C:\\\\xamppold\\\\htd...')
#5 C:\\xamppold\\htdocs\\mslearn\\app\\Providers\\RouteServiceProvider.php(56): Illuminate\\Routing\\RouteRegistrar->group('C:\\\\xamppold\\\\htd...')
#6 C:\\xamppold\\htdocs\\mslearn\\app\\Providers\\RouteServiceProvider.php(40): App\\Providers\\RouteServiceProvider->mapWebRoutes()
#7 C:\\xamppold\\htdocs\\mslearn\\vendor\\laravel\\framework\\src\\Illuminate\\Container\\BoundMethod.php(36): App\\Providers\\RouteServiceProvider->map()
#8 C:\\xamppold\\htdocs\\mslearn\\vendor\\laravel\\framework\\src\\Illuminate\\Container\\Util.php(37): Illuminate\\Container\\BoundMethod::Illuminate\\Container\\{closure}()
#9 C:\\xamppold\\htdocs\\mslearn\\vendor\\laravel\\framework\\src\\Illuminate\\Container\\BoundMethod.php(93): Illuminate\\Container\\Util::unwrapIfClosure(Object(Closure))
#10 C:\\xamppold\\htdocs\\mslearn\\vendor\\laravel\\framework\\src\\Illuminate\\Container\\BoundMethod.php(37): Illuminate\\Container\\BoundMethod::callBoundMethod(Object(Illuminate\\Foundation\\Application), Array, Object(Closure))
#11 C:\\xamppold\\htdocs\\mslearn\\vendor\\laravel\\framework\\src\\Illuminate\\Container\\Container.php(590): Illuminate\\Container\\BoundMethod::call(Object(Illuminate\\Foundation\\Application), Array, Array, NULL)
#12 C:\\xamppold\\htdocs\\mslearn\\vendor\\laravel\\framework\\src\\Illuminate\\Foundation\\Support\\Providers\\RouteServiceProvider.php(87): Illuminate\\Container\\Container->call(Array)
#13 C:\\xamppold\\htdocs\\mslearn\\vendor\\laravel\\framework\\src\\Illuminate\\Foundation\\Support\\Providers\\RouteServiceProvider.php(36): Illuminate\\Foundation\\Support\\Providers\\RouteServiceProvider->loadRoutes()
#14 C:\\xamppold\\htdocs\\mslearn\\app\\Providers\\RouteServiceProvider.php(28): Illuminate\\Foundation\\Support\\Providers\\RouteServiceProvider->boot()
#15 C:\\xamppold\\htdocs\\mslearn\\vendor\\laravel\\framework\\src\\Illuminate\\Container\\BoundMethod.php(36): App\\Providers\\RouteServiceProvider->boot()
#16 C:\\xamppold\\htdocs\\mslearn\\vendor\\laravel\\framework\\src\\Illuminate\\Container\\Util.php(37): Illuminate\\Container\\BoundMethod::Illuminate\\Container\\{closure}()
#17 C:\\xamppold\\htdocs\\mslearn\\vendor\\laravel\\framework\\src\\Illuminate\\Container\\BoundMethod.php(93): Illuminate\\Container\\Util::unwrapIfClosure(Object(Closure))
#18 C:\\xamppold\\htdocs\\mslearn\\vendor\\laravel\\framework\\src\\Illuminate\\Container\\BoundMethod.php(37): Illuminate\\Container\\BoundMethod::callBoundMethod(Object(Illuminate\\Foundation\\Application), Array, Object(Closure))
#19 C:\\xamppold\\htdocs\\mslearn\\vendor\\laravel\\framework\\src\\Illuminate\\Container\\Container.php(590): Illuminate\\Container\\BoundMethod::call(Object(Illuminate\\Foundation\\Application), Array, Array, NULL)
#20 C:\\xamppold\\htdocs\\mslearn\\vendor\\laravel\\framework\\src\\Illuminate\\Foundation\\Application.php(856): Illuminate\\Container\\Container->call(Array)
#21 C:\\xamppold\\htdocs\\mslearn\\vendor\\laravel\\framework\\src\\Illuminate\\Foundation\\Application.php(839): Illuminate\\Foundation\\Application->bootProvider(Object(App\\Providers\\RouteServiceProvider))
#22 [internal function]: Illuminate\\Foundation\\Application->Illuminate\\Foundation\\{closure}(Object(App\\Providers\\RouteServiceProvider), 27)
#23 C:\\xamppold\\htdocs\\mslearn\\vendor\\laravel\\framework\\src\\Illuminate\\Foundation\\Application.php(840): array_walk(Array, Object(Closure))
#24 C:\\xamppold\\htdocs\\mslearn\\vendor\\laravel\\framework\\src\\Illuminate\\Foundation\\Bootstrap\\BootProviders.php(17): Illuminate\\Foundation\\Application->boot()
#25 C:\\xamppold\\htdocs\\mslearn\\vendor\\laravel\\framework\\src\\Illuminate\\Foundation\\Application.php(219): Illuminate\\Foundation\\Bootstrap\\BootProviders->bootstrap(Object(Illuminate\\Foundation\\Application))
#26 C:\\xamppold\\htdocs\\mslearn\\vendor\\laravel\\framework\\src\\Illuminate\\Foundation\\Console\\Kernel.php(320): Illuminate\\Foundation\\Application->bootstrapWith(Array)
#27 C:\\xamppold\\htdocs\\mslearn\\vendor\\laravel\\framework\\src\\Illuminate\\Foundation\\Console\\Kernel.php(129): Illuminate\\Foundation\\Console\\Kernel->bootstrap()
#28 C:\\xamppold\\htdocs\\mslearn\\artisan(37): Illuminate\\Foundation\\Console\\Kernel->handle(Object(Symfony\\Component\\Console\\Input\\ArgvInput), Object(Symfony\\Component\\Console\\Output\\ConsoleOutput))
#29 {main}
"} 
[2022-05-27 07:58:53] laravel.EMERGENCY: Unable to create configured logger. Using emergency logger. {"exception":"[object] (Error(code: 0): Class \"Illuminate\\Support\\Collection\" not found at C:\\xamppold\\htdocs\\mslearn\\vendor\\laravel\\framework\\src\\Illuminate\\Support\\helpers.php:109)
[stacktrace]
#0 C:\\xamppold\\htdocs\\mslearn\\vendor\\laravel\\framework\\src\\Illuminate\\Log\\LogManager.php(240): collect(Array)
#1 C:\\xamppold\\htdocs\\mslearn\\vendor\\laravel\\framework\\src\\Illuminate\\Log\\LogManager.php(202): Illuminate\\Log\\LogManager->createStackDriver(Array)
#2 C:\\xamppold\\htdocs\\mslearn\\vendor\\laravel\\framework\\src\\Illuminate\\Log\\LogManager.php(118): Illuminate\\Log\\LogManager->resolve('stack')
#3 C:\\xamppold\\htdocs\\mslearn\\vendor\\laravel\\framework\\src\\Illuminate\\Log\\LogManager.php(98): Illuminate\\Log\\LogManager->get('stack')
#4 C:\\xamppold\\htdocs\\mslearn\\vendor\\laravel\\framework\\src\\Illuminate\\Log\\LogManager.php(547): Illuminate\\Log\\LogManager->driver()
#5 C:\\xamppold\\htdocs\\mslearn\\vendor\\laravel\\framework\\src\\Illuminate\\Foundation\\Exceptions\\Handler.php(122): Illuminate\\Log\\LogManager->error('During inherita...', Array)
#6 C:\\xamppold\\htdocs\\mslearn\\app\\Exceptions\\Handler.php(39): Illuminate\\Foundation\\Exceptions\\Handler->report(Object(Symfony\\Component\\Debug\\Exception\\FatalErrorException))
#7 C:\\xamppold\\htdocs\\mslearn\\vendor\\laravel\\framework\\src\\Illuminate\\Foundation\\Bootstrap\\HandleExceptions.php(92): App\\Exceptions\\Handler->report(Object(Symfony\\Component\\Debug\\Exception\\FatalErrorException))
#8 C:\\xamppold\\htdocs\\mslearn\\vendor\\laravel\\framework\\src\\Illuminate\\Foundation\\Bootstrap\\HandleExceptions.php(134): Illuminate\\Foundation\\Bootstrap\\HandleExceptions->handleException(Object(Symfony\\Component\\Debug\\Exception\\FatalErrorException))
#9 [internal function]: Illuminate\\Foundation\\Bootstrap\\HandleExceptions->handleShutdown()
#10 {main}
"} 
[2022-05-27 07:58:53] laravel.ERROR: During inheritance of ArrayAccess: Uncaught ErrorException: Return type of Illuminate\Support\Collection::offsetExists($key) should either be compatible with ArrayAccess::offsetExists(mixed $offset): bool, or the #[\ReturnTypeWillChange] attribute should be used to temporarily suppress the notice in C:\xamppold\htdocs\mslearn\vendor\laravel\framework\src\Illuminate\Support\Collection.php:1277
Stack trace:
#0 C:\xamppold\htdocs\mslearn\vendor\laravel\framework\src\Illuminate\Support\Collection.php(11): Illuminate\Foundation\Bootstrap\HandleExceptions->handleError(8192, 'Return type of ...', 'C:\\xamppold\\htd...', 1277)
#1 C:\xamppold\htdocs\mslearn\vendor\composer\ClassLoader.php(571): include('C:\\xamppold\\htd...')
#2 C:\xamppold\htdocs\mslearn\vendor\composer\ClassLoader.php(428): Composer\Autoload\includeFile('C:\\xamppold\\htd...')
#3 C:\xamppold\htdocs\mslearn\vendor\laravel\framework\src\Illuminate\Support\helpers.php(109): Composer\Autoload\ClassLoader->loadClass('Illuminate\\Supp...')
#4 C:\xamppold\htdocs\mslearn\vendor\laravel\framework\src\Illuminate\Foundation\PackageManifest.php(89): collect(Array)
#5 C:\xamppold\htdocs\mslearn\vendor\laravel\framework\src\Illuminate\Foundation\PackageManifest.php(78): Illuminate\Foundation\PackageManifest->config('aliases')
#6 C:\xamppold\htdocs\mslearn\vendor\laravel\framework\src\Illuminate\Foundation\Bootstrap\RegisterFacades.php(26): Illuminate\Foundation\PackageManifest->aliases()
#7 C:\xamppold\htdocs\mslearn\vendor\laravel\framework\src\Illuminate\Foundation\Application.php(219): Illuminate\Foundation\Bootstrap\RegisterFacades->bootstrap(Object(Illuminate\Foundation\Application))
#8 C:\xamppold\htdocs\mslearn\vendor\laravel\framework\src\Illuminate\Foundation\Console\Kernel.php(320): Illuminate\Foundation\Application->bootstrapWith(Array)
#9 C:\xamppold\htdocs\mslearn\vendor\laravel\framework\src\Illuminate\Foundation\Console\Kernel.php(129): Illuminate\Foundation\Console\Kernel->bootstrap()
#10 C:\xamppold\htdocs\mslearn\artisan(37): Illuminate\Foundation\Console\Kernel->handle(Object(Symfony\Component\Console\Input\ArgvInput), Object(Symfony\Component\Console\Output\ConsoleOutput))
#11 {main} {"exception":"[object] (Symfony\\Component\\Debug\\Exception\\FatalErrorException(code: 1): During inheritance of ArrayAccess: Uncaught ErrorException: Return type of Illuminate\\Support\\Collection::offsetExists($key) should either be compatible with ArrayAccess::offsetExists(mixed $offset): bool, or the #[\\ReturnTypeWillChange] attribute should be used to temporarily suppress the notice in C:\\xamppold\\htdocs\\mslearn\\vendor\\laravel\\framework\\src\\Illuminate\\Support\\Collection.php:1277
Stack trace:
#0 C:\\xamppold\\htdocs\\mslearn\\vendor\\laravel\\framework\\src\\Illuminate\\Support\\Collection.php(11): Illuminate\\Foundation\\Bootstrap\\HandleExceptions->handleError(8192, 'Return type of ...', 'C:\\\\xamppold\\\\htd...', 1277)
#1 C:\\xamppold\\htdocs\\mslearn\\vendor\\composer\\ClassLoader.php(571): include('C:\\\\xamppold\\\\htd...')
#2 C:\\xamppold\\htdocs\\mslearn\\vendor\\composer\\ClassLoader.php(428): Composer\\Autoload\\includeFile('C:\\\\xamppold\\\\htd...')
#3 C:\\xamppold\\htdocs\\mslearn\\vendor\\laravel\\framework\\src\\Illuminate\\Support\\helpers.php(109): Composer\\Autoload\\ClassLoader->loadClass('Illuminate\\\\Supp...')
#4 C:\\xamppold\\htdocs\\mslearn\\vendor\\laravel\\framework\\src\\Illuminate\\Foundation\\PackageManifest.php(89): collect(Array)
#5 C:\\xamppold\\htdocs\\mslearn\\vendor\\laravel\\framework\\src\\Illuminate\\Foundation\\PackageManifest.php(78): Illuminate\\Foundation\\PackageManifest->config('aliases')
#6 C:\\xamppold\\htdocs\\mslearn\\vendor\\laravel\\framework\\src\\Illuminate\\Foundation\\Bootstrap\\RegisterFacades.php(26): Illuminate\\Foundation\\PackageManifest->aliases()
#7 C:\\xamppold\\htdocs\\mslearn\\vendor\\laravel\\framework\\src\\Illuminate\\Foundation\\Application.php(219): Illuminate\\Foundation\\Bootstrap\\RegisterFacades->bootstrap(Object(Illuminate\\Foundation\\Application))
#8 C:\\xamppold\\htdocs\\mslearn\\vendor\\laravel\\framework\\src\\Illuminate\\Foundation\\Console\\Kernel.php(320): Illuminate\\Foundation\\Application->bootstrapWith(Array)
#9 C:\\xamppold\\htdocs\\mslearn\\vendor\\laravel\\framework\\src\\Illuminate\\Foundation\\Console\\Kernel.php(129): Illuminate\\Foundation\\Console\\Kernel->bootstrap()
#10 C:\\xamppold\\htdocs\\mslearn\\artisan(37): Illuminate\\Foundation\\Console\\Kernel->handle(Object(Symfony\\Component\\Console\\Input\\ArgvInput), Object(Symfony\\Component\\Console\\Output\\ConsoleOutput))
#11 {main} at C:\\xamppold\\htdocs\\mslearn\\vendor\\laravel\\framework\\src\\Illuminate\\Support\\Collection.php:11)
[stacktrace]
#0 {main}
"} 
